"url","issues","h1_count","images","missing_dimensions","missing_alt_attribute","empty_alt_review","title","description"
"https://www.aproposmagazine.com/","missing-h1;image-dimensions;empty-alt-review","0","130","130","0","124","Apropos Magazine – Ingen støj. Ingen reklamer. Kun kultur.","Apropos Magazine dækker musik, film, kultur og kaos med kant, karakter og kærlighed til det, der rører sig."
"https://www.aproposmagazine.com/articles/007-first-light-review-restore-tmp","image-dimensions;empty-alt-review;h1-not-first-review","1","49","44","0","46","007 First Light anmeldelse: Bond med puls","IO Interactive giver James Bond en ny begyndelse i 007 First Light. Her er anmeldelsen af et sjovt, elegant og velkomponeret spil."
"https://www.aproposmagazine.com/articles/28-years-later-biograf-zombie-trilogiens-ambitiose-filosofiske-finale","image-dimensions;empty-alt-review;h1-not-first-review","1","48","43","0","46","28 Years Later anmeldelse: Den vildeste zombieafslutning i 20 år","Den længe ventede tredje film i zombie-trilogien er mørkere, smukkere og mere skæv end du tror. Læs anmeldelsen af 28 Years Later her."
"https://www.aproposmagazine.com/articles/adolescence","image-dimensions;empty-alt-review;h1-not-first-review","1","48","43","0","46","Adolescence (Netflix) – Ungdommen har altid været et mareridt","En mørk og billedskøn fortælling om ungdommens rådvildhed og sociale spændetrøje. Adolescence på Netflix balancerer mellem kunstfilm og skrækvision – Apropos Magazine anmelder."
"https://www.aproposmagazine.com/articles/africa-express-pa-roskilde---en-pop-up-festival-med-damon-albarn-og-et-glimt-af-verdensmusik","image-dimensions;empty-alt-review;h1-not-first-review","1","47","42","0","46","Africa Express på Roskilde: Damon Albarn live","Africa Express på Roskilde 2025 med Damon Albarn bød på en unik blanding af verdensmusik og politisk engagement i en pop-up festival-stemning."
"https://www.aproposmagazine.com/articles/alt-du-skal-vide-for-du-mister-stemmen-pa-refshaleoen-i-august","image-dimensions;empty-alt-review;h1-not-first-review","1","46","41","0","46","Justice (O Days Festival): Electro-legender vender tilbage","Justice (O Days Festival): De slog igennem med bas og blasfemi. Nu står de på O Days Festival – klar til at bevise, at de stadig er guddommelige live."
"https://www.aproposmagazine.com/articles/alter-bridge-i-kb-hallen-solid-rock-uden-undskyldninger","image-dimensions;empty-alt-review;h1-not-first-review","1","46","41","0","46","Alter Bridge i KB Hallen: Solid rock uden undskyldninger","Alter Bridge leverede rendyrket, teknisk rock i KB Hallen med store omkvæd og stærke soli"
"https://www.aproposmagazine.com/articles/anastasia-fylder-scenen---stort-men-ikke-helt-os","image-dimensions;empty-alt-review;h1-not-first-review","1","47","42","0","46","Anastacia på Wonderfestiwall: Anmeldelse","Anastasia leverede energi, hits og et overraskende Guns N’ Roses-cover på Wonderfestiwall 2025. Professionelt og nostalgisk – men ikke helt ind under huden."
"https://www.aproposmagazine.com/articles/anbefaling-path-of-exile-2","image-dimensions;empty-alt-review;h1-not-first-review","1","47","42","0","46","Path of Exile 2 (Beta 0.3.0): Casuals bliver legender","PoE2’s 0.3.0-update forvandler kaos til sjov. Læs hvorfor selv casual gamere kan føle sig som legender i Wraeclasts mørke verden."
"https://www.aproposmagazine.com/articles/andreas-odbjerg-i-royal-arena---en-popfabrik-med-hjerte-og-humor","image-dimensions;empty-alt-review;h1-not-first-review","1","46","41","0","46","Andreas Odbjerg i Royal Arena: Anmeldelse","Andreas Odbjerg indtog Royal Arena med et show, der balancerede mellem det intime og det spektakulære. En koncert fyldt med overraskelser, gæsteoptrædener og musikalsk overskud."
"https://www.aproposmagazine.com/articles/anmeldelse-af-bullet-for-my-valentine-copenhell-cringe-metal-med-stadionattitude","image-dimensions;empty-alt-review;h1-not-first-review","1","47","42","0","46","Bullet For My Valentine: Copenhell-anmeldelse","Bullet For My Valentine forsøgte sig med storladne hits og ild på scenen, men på Copenhell føltes det mest som et cosplay af ægte metal."
"https://www.aproposmagazine.com/articles/anmeldelse-alien-earth","image-dimensions;empty-alt-review;h1-not-first-review","1","48","43","0","46","Alien: Earth anmeldelse: mørk sci-fi i topform","Alien: Earth anmeldelse: Serien vurderes som et seriøst og stemningsfuldt comeback til Alien-universet med stærke præstationer og solid atmosfære."
"https://www.aproposmagazine.com/articles/anmeldelse-astro-bot-ps5","image-dimensions;empty-alt-review;h1-not-first-review","1","47","42","0","46","Astro Bot anmeldelse: PS5-eventyr med hjerte","Et PlayStation-eventyr så rørende og sjovt, at det føles som terapi. Astro Bot er gaming, barndom og familieglæde samlet i ét – med tårer, latter og gyroskop-magiske øjeblikke."
"https://www.aproposmagazine.com/articles/anmeldelse-den-gode-stemning","image-dimensions;empty-alt-review;h1-not-first-review","1","47","42","0","46","Den Gode Stemning anmeldelse","Den Gode Stemning er et intenst dansk familiedrama med Iben Hjejle og Pilou Asbæk. En rørende serie om søskendebånd, misbrug og det usagte."
"https://www.aproposmagazine.com/articles/anmeldelse-dtf-st-louis","image-dimensions;empty-alt-review;h1-not-first-review","1","49","44","0","46","DTF St. Louis anmeldelse: mørk humor og sårbarhed","Anmeldelse af DTF St. Louis på HBO Max, hvor krimien bruges til at fortælle om relationer, sårbarhed og mørk humor."
"https://www.aproposmagazine.com/articles/anmeldelse-silksong","image-dimensions;empty-alt-review;h1-not-first-review","1","47","42","0","46","Silksong: Git Gud – og bliv forelsket i smerten (Anmeldelse)","Mads Bülow kaster sig ud i Hollow Knight: Silksong – et spil, der minder dig om, at lidelse og skønhed godt kan bo i samme bossfight."
"https://www.aproposmagazine.com/articles/anmeldelse-stranger-things-saeson-5","image-dimensions;empty-alt-review;h1-not-first-review","1","48","43","0","46","Stranger Things 5 anmeldelse: Støjfuld finale","Anmeldelse af Stranger Things sæson 5: En storslået og nostalgisk finale, der imponerer visuelt, men snubler over for mange plots og ambitioner."
"https://www.aproposmagazine.com/articles/anmeldelse-war-machine-netflix","image-dimensions;empty-alt-review;h1-not-first-review","1","48","43","0","46","Anmeldelse: War Machine (Netflix)","Anmeldelse af War Machine på Netflix. Alan Richtson står overfor 30 meter høj dræberrobot i ny actionfilm"
"https://www.aproposmagazine.com/articles/anora","image-dimensions;empty-alt-review;h1-not-first-review","1","48","43","0","46","Anora – Stripklub, kærlighed og konsekvenser","Et rørende og kaotisk indblik i en stripdanser og en rigmands affære. Anora er både gritty og skrøbelig – og fuld af overrumplende ømhed."
"https://www.aproposmagazine.com/articles/another-brick-in-the-wall-part-5-royal-arena","image-dimensions;empty-alt-review;h1-not-first-review","1","48","43","0","46","Another Brick in the Wall Part 5: Anmeldelse","Jesper Binzer står stærkt som Pink i Royal Arena. Vores anmeldelse af The Wall-opsætningen finder storhed, smerte og fem stjerner."
"https://www.aproposmagazine.com/articles/aphaca-live-i-vega-som-at-fa-hjertekamrene-abnet-indefra","image-dimensions;empty-alt-review;h1-not-first-review","1","46","41","0","46","Anmeldelse af Aphaca (Live i Vega): Den koncert vi havde brug for","Aphaca væltede Vega med rødder, rock og rørende fællessang. En koncert der føltes som noget større – og som vi stadig mærker i brystet."
"https://www.aproposmagazine.com/articles/apropos-guide-fredag-pa-roskilde-festival-2025","image-dimensions;empty-alt-review;h1-not-first-review","1","53","48","0","46","Roskilde Festival fredag: Guide 2025","Saint Levant skal bevise sig, Olivia Rodrigo skal redde Orange, og Electric Callboy skal smadre festen: Læs vores guide til Roskilde Festivals vildeste fredag."
"https://www.aproposmagazine.com/articles/av-av-av-poolen-refshaleoen","image-dimensions;empty-alt-review;h1-not-first-review","1","48","43","0","46","AV AV AV anmeldelse – Den sidste koncert i Poolen, 8. november","AV AV AV takkede af med et elektronisk punktum i Poolen på Refshaleøen. Læs anmeldelsen af deres sidste koncert – en magisk, kølig og kompromisløs afsked."
"https://www.aproposmagazine.com/articles/baby-reindeer","image-dimensions;empty-alt-review;h1-not-first-review","1","48","43","0","46","Baby Reindeer anmeldelse: Netflix rammer hårdt","Vi kalder Baby Reindeer for en af årets mest ubehagelige og vigtige serier. Læs vores anmeldelse af den virkelighedsnære Netflix-historie, der bliver siddende i kroppen længe efter sidste afsnit."
"https://www.aproposmagazine.com/articles/backrooms-anmeldelse","image-dimensions;empty-alt-review;h1-not-first-review","1","49","44","0","46","BACKROOMS anmeldelse: A24-gyseren finder frygten i kontorgangen","Kane Parsons debuterer med BACKROOMS, en A24-gyser om moderne angst, klaustrofobi og uendelige kontorrum. Læs anmeldelsen her."
"https://www.aproposmagazine.com/articles/beabadoobee-pa-orange-scene-ro-og-naervaer-under-kirsebaertraeerne","image-dimensions;empty-alt-review;h1-not-first-review","1","47","42","0","46","Beabadoobee på Roskilde: Anmeldelse","Beabadoobees intime koncert på Orange Scene til Roskilde Festival 2025. En rolig, ærlig og drømmende indiepop-optræden for de dedikerede."
"https://www.aproposmagazine.com/articles/beatets-hemmelighed-eros-ramazotti-i-royal-arena","image-dimensions;empty-alt-review;h1-not-first-review","1","47","42","0","46","Eros Ramazzotti koncert i Royal Arena – anmeldelse 2026","Eros Ramazzotti leverede to timers italiensk popmagi i Royal Arena. Læs Apropos Magazines koncertanmeldelse af den legendariske sanger."
"https://www.aproposmagazine.com/articles/benjamin-hav-familien-pa-wonderfestiwall-2026","image-dimensions;empty-alt-review;h1-not-first-review","1","49","44","0","46","Anmeldelse: Benjamin Hav & Familien Wonderfestiwall 2026","Wonderfestiwall fik sin folkefest, men for anmelderen blev Benjamin Hav & Familien et mareridt med diskokugle."
"https://www.aproposmagazine.com/articles/benny-jamz-x-danmarks-underholdningsorkester---red-bull-symphonic","image-dimensions;empty-alt-review;h1-not-first-review","1","46","41","0","46","Benny Jamz i Royal Arena: Anmeldelse","Et energisk møde mellem grime og klassisk. Benny Jamz’ samarbejde med Danmarks Underholdningsorkester overrasker positivt. Læs vores anmeldelse."
"https://www.aproposmagazine.com/articles/bicep-present-chroma-o-days-2025-en-audiovisuel-eksplosion-langs-havnen","image-dimensions;empty-alt-review;h1-not-first-review","1","47","42","0","46","CHROMA på Refshaleøen: Bicep bringer deres største show til O Days","Bicep gæster O Days 2025 med CHROMA – et hypnotisk AV-show hvor klub, kunst og følelser smelter sammen i lyset fra Refshaleøen."
"https://www.aproposmagazine.com/articles/billie-eilish-i-royal-arena","image-dimensions;empty-alt-review;h1-not-first-review","1","46","41","0","46","Billie Eilish i Royal Arena: Anmeldelse","Oplev Billie Eilish live i Royal Arena, København. To intense koncerter med hits som Bad Guy, Bury a Friend og Everything I Wanted."
"https://www.aproposmagazine.com/articles/black-bag","image-dimensions;empty-alt-review;h1-not-first-review","1","48","43","0","46","Black Bag (2025) – Spionthriller med Fassbender og Blanchett","Læs vores anmeldelse af Steven Soderberghs spionthriller Black Bag med Michael Fassbender og Cate Blanchett. En intens filmoplevelse med stærkt plot, velspillede biroller og en relation mellem hovedrollerne, der imponerer – på trods af enkelte skønhedsfejl"
"https://www.aproposmagazine.com/articles/black-mirror-s7","image-dimensions;empty-alt-review;h1-not-first-review","1","47","42","0","46","Black Mirror 7 anmeldelse: Digitalt vanvid","Glem alt om at slappe af med din streaming – Black Mirror Sæson 7 rammer som en tech-dystopisk mavepuster. Fra AI-eks-kærester til deepfake-deadlines og abonnementsbaseret eksistenskrise. Læs, før virkeligheden indhenter dig."
"https://www.aproposmagazine.com/articles/cape-fear-apple-tv","image-dimensions;empty-alt-review;h1-not-first-review","1","49","44","0","46","Anmeldelse Cape Fear (Apple TV): Når frygten får tid nok til at trække","Jeg sad med fornemmelsen af, at nogen havde lagt en fugtig, tung hånd på nakken af hele serien — ikke voldsomt, bare vedholdende."
"https://www.aproposmagazine.com/articles/captain-america","image-dimensions;empty-alt-review;h1-not-first-review","1","48","43","0","46","Captain America – Brave New World - En stjerne - mere pligt end passion","Marvel forsøger at genopfinde patriotismen, men ender i tom gang. Brave New World er flot, men forudsigelig – læs vores anmeldelse."
"https://www.aproposmagazine.com/articles/carl-knast-i-den-gra-hal---anmeldelse","image-dimensions;empty-alt-review;h1-not-first-review","1","49","44","0","46","Anmeldelse af Carl Knast i Den Grå Hal 2026","Carl Knast forvandlede Den Grå Hal til en beskidt gadefest med kaos, panfløjte, Irina The Diva Olsen, gæster og et mundlamt publikum."
"https://www.aproposmagazine.com/articles/charli-xcx","image-dimensions;empty-alt-review;h1-not-first-review","1","47","42","0","46","Charli XCX på Orange: Bratmanifesta i regn og bas","Fra Vroom Vroom til Von Dutch – Charli XCX leverede et show, der slog ned som lyn i mudderet. 5/6 stjerner."
"https://www.aproposmagazine.com/articles/clipse-pa-roskilde-festival-2026","image-dimensions;empty-alt-review;h1-not-first-review","1","48","43","0","46","Clipse på Roskilde: Coke-rap på repeat","Clipse havde historien, tyngden og Orange Scene. Men koncerten blev for monoton til for alvor at lette."
"https://www.aproposmagazine.com/articles/copenhell---den-store-apropos-guide","image-dimensions;empty-alt-review;h1-not-first-review","1","46","41","0","46","Copenhell 2026: Guide til lineuppet på Refshaleøen","Apropos guider dig gennem Copenhell 2026 med Iron Maiden, Bring Me The Horizon, Twisted Sister, Volbeat og alt det mærkelige imellem."
"https://www.aproposmagazine.com/articles/copenhell-fredag-were-not-gonna-take-it","image-dimensions;empty-alt-review;h1-not-first-review","1","46","41","0","46","Copenhell 2026 fredag anmeldelse: Trivium. 15 years in hell","Fredag på Copenhell 2026 bød på Trivium i topform, et kollapset jubilæumsshow og en festival der balancerede kaos og højdepunkter."
"https://www.aproposmagazine.com/articles/copenhell-lordag-da-himlen-abnede-sig-over-volbeat","image-dimensions;empty-alt-review;h1-not-first-review","1","46","41","0","46","Copenhell 2026 lørdag anmeldelse","Anmeldelse af Copenhells lørdag med Volbeat, Social Distortion og Katla samt en samlet refleksion over festivalens identitet."
"https://www.aproposmagazine.com/articles/copenhell-onsdag-nonner-i-corpse-paint-og-tom-morello-i-hopla","image-dimensions;empty-alt-review;h1-not-first-review","1","46","41","0","46","Copenhell 2026: Onsdagens højdepunkter og anmeldelser","Læs anmeldelsen af Copenhells onsdag med Dogma, Tom Morello, Six Feet Under og dagens øvrige højdepunkter."
"https://www.aproposmagazine.com/articles/copenhell-torsdag-ai-dystopi-kilt-og-verdens-laengste-guitarsolo","image-dimensions;empty-alt-review;h1-not-first-review","1","46","41","0","46","Bring Me The Horizon Copenhell 2026 anmeldelse","BMTH på Copenhell 2026: AI-visuals, kirkeæstetik og stadionmetal der splitter publikum mellem wow og boyband med distortion."
"https://www.aproposmagazine.com/articles/cradle-of-filth---velfomuleret-grotesk-aestetisk-galskab","image-dimensions;empty-alt-review;h1-not-first-review","1","46","41","0","46","Cradle of Filth i København: Anmeldelse","Dani Filth og Cradle of Filth leverede en mørk og intens aften i København med symfonisk black metal, grotesk humor og supportbands i alt fra nu-metal til deathcore."
"https://www.aproposmagazine.com/articles/d-a-d-i-forum-en-halvvissen-fredag-med-hojt-har-og-tunge-riffs","image-dimensions;empty-alt-review;h1-not-first-review","1","46","41","0","46","D-A-D i Forum: Anmeldelse af koncerten","D-A-D spillede i Forum Black Box den 31. januar 2025 foran tusindvis af fans. Aftenen bød på gamle klassikere, en rusten frontmand og et overraskende energiboost fra Baest. Læs anmeldelsen."
"https://www.aproposmagazine.com/articles/danish-coffee-festival-en-messe-forklaedt-som-festival---og-kaffen-matte-gerne-have-vaeret-varmere","image-dimensions;empty-alt-review;h1-not-first-review","1","46","41","0","46","Danish Coffee Festival En messe forklædt som festival","Danish Coffee Festival En messe forklædt som festival – og kaffen måtte gerne have været varmere"
"https://www.aproposmagazine.com/articles/david-byrne","image-dimensions;empty-alt-review;h1-not-first-review","1","46","41","0","46","David Byrne – Anmeldelse | Roskilde Festival 2026","David Byrne leverede en seksstjernet koncert på Arena under Roskilde Festival 2026 med koreograferet orkester, Talking Heads-klassikere og en samlet musikalsk fortælling."
"https://www.aproposmagazine.com/articles/deathloop","image-dimensions;empty-alt-review;h1-not-first-review","1","47","42","0","46","Deathloop anmeldelse: tidsloop og fri vilje","Deathloop anmeldelse: et tidsloop-baseret FPS om fri vilje, gentagelse og eksperimenterende gameplay."
"https://www.aproposmagazine.com/articles/derfor-siger-jeg-altid-at-jeg-er-hollaender-pa-ferie","image-dimensions;empty-alt-review;h1-not-first-review","1","48","43","0","46","Derfor siger jeg altid, at jeg er hollænder på ferie","Et humoristisk essay om hollandske og danske turister, ferieadfærd og den selvsikre måde at fylde på i Sydeuropa."
"https://www.aproposmagazine.com/articles/disclosure-o-days-2026-anmeldelse","image-dimensions;empty-alt-review;h1-not-first-review","1","49","44","0","49","Disclosure på O Days 2026 anmeldelse","Disclosure lukkede O Days 2026 med et legesygt og teknisk suverænt DJ-set på Omni-scenen. Læs vores anmeldelse. 5/6 stjerner."
"https://www.aproposmagazine.com/articles/distortion-fredag","image-dimensions;empty-alt-review;h1-not-first-review","1","48","43","0","46","Distortion Ø fredag 2026: anmeldelse","Distortion Ø fredag ramte med Interplanetary Criminal, Sara Landry, WhoMadeWho, rabarber og koreograferet kaos."
"https://www.aproposmagazine.com/articles/du-sa-how-to-train-your-dragon-i-imax-og-maerkede-vinden-under-vingerne","image-dimensions;empty-alt-review;h1-not-first-review","1","48","43","0","46","How to Train Your Dragon anmeldelse","Vi så How to Train Your Dragon i IMAX og mærkede vinden under vingerne"
"https://www.aproposmagazine.com/articles/electric-callboy-pa-roskilde---hypet-show-med-akavet-miks-og-udefinerbar-energi","image-dimensions;empty-alt-review;h1-not-first-review","1","47","42","0","46","Electric Callboy på Roskilde: Anmeldelse","Electric Callboy på Roskilde 2025 leverede et hypet, men akavet show. En blanding af genrer, der aldrig helt fandt sin plads i festivalprogrammet."
"https://www.aproposmagazine.com/articles/emma-sehested-hoeg-i-dr-koncerthuset","image-dimensions;empty-alt-review;h1-not-first-review","1","46","41","0","46","Emma Sehested Høeg – En soloeksplosion i DR Koncerthuset","En intens og morsom aften med Emma Sehested Høeg, der mixer comedy, dans og drama i et one-woman-show med bid"
"https://www.aproposmagazine.com/articles/er-tiktok-den-nye-litteraere-avantgarde","image-dimensions;empty-alt-review;h1-not-first-review","1","47","42","0","46","Er TikTok den nye litterære avantgarde?","TikTok-poesi, BookTok og skrivefællesskaber: Vi kigger på, om TikTok faktisk er ved at blive det mest ærlige litterære rum i 2025."
"https://www.aproposmagazine.com/articles/ericka-jane-syd-for-solen-2026-anmeldelse","image-dimensions;empty-alt-review;h1-not-first-review","1","48","43","0","46","Ericka Jane på Syd for Solen 2026 – anmeldelse","Ericka Jane kom med englevinger, balloner og Y2K-pop, men på Syd for Solen blev festen ved med at være et løfte."
"https://www.aproposmagazine.com/articles/farveblind---micro-pleasures-sma-glaeder-stor-odelaeggelse","image-dimensions;empty-alt-review;h1-not-first-review","1","46","41","0","46","Farveblind – Micro Pleasures: Albumanmeldelse","Farveblind debuterer med et eksplosivt album, hvor rave, punk, techno og pop smelter sammen til dansk musik i international klasse."
"https://www.aproposmagazine.com/articles/festegnen-rodovre","image-dimensions;empty-alt-review;h1-not-first-review","1","51","46","0","51","Festegnen 2026 (Rødovre): Anmeldelse af vestegnens store festdrøm","Festegnen rammer stort med nostalgi, fest og stærk logistik – men snubler, når byfesten flytter ind på festivalpladsen."
"https://www.aproposmagazine.com/articles/first-days-pa-roskilde-de-bedste-koncerter-du-kan-hore-for-det-hele-eksploderer","image-dimensions;empty-alt-review;h1-not-first-review","1","52","47","0","46","Roskilde First Days 2025: 8 navne at høre","Roskilde Festivals første dage er spækket med ny musik og stærke liveoplevelser. Vi guider dig til 8 upcoming navne du ikke må misse – fra Aphaca til Fakethias."
"https://www.aproposmagazine.com/articles/ghost-of-yotei-playstation-5","image-dimensions;empty-alt-review;h1-not-first-review","1","48","43","0","46","Anmeldelse: Ghost of Yōtei (PS5): Et hævntogt forklædt som meditation","Et samuraieventyr så smukt, at du glemmer, du hævner din familie. Brutalt, poetisk og uventet roligt."
"https://www.aproposmagazine.com/articles/gloryhammer-copenhell-riddermetal-med-plastiksvaerd-og-borneshow-energi","image-dimensions;empty-alt-review;h1-not-first-review","1","47","42","0","46","Gloryhammer på Copenhell: Anmeldelse","Gloryhammer leverede en fjollet fantasykoncert på Copenhell, men det blev aldrig rigtig sjovt – bare mærkeligt. Læs vores ærlige anmeldelse her."
"https://www.aproposmagazine.com/articles/go-jo-youtube-kaos-og-charme-pa-lille-vega","image-dimensions;empty-alt-review;h1-not-first-review","1","47","42","0","46","Go-Jo i Lille Vega: YouTube-æstetik, gimmicks og oprigtig energi","En koncert mellem kitsch og kærlighed: Go-Jo forvandlede Lille Vega til et viralt popunivers med charme, fjol og sårbarhed."
"https://www.aproposmagazine.com/articles/gorillaz-pa-roskilde-festival-2026","image-dimensions;empty-alt-review;h1-not-first-review","1","47","42","0","46","Gorillaz – Anmeldelse | Roskilde Festival 2026","Damon Albarn og Gorillaz vendte tilbage til Roskilde Festival, men koncerten blev mere forvirrende end fortryllende."
"https://www.aproposmagazine.com/articles/green-day-tinderbox-2025-en-knytnaeve-fra-fortiden-der-stadig-rammer-hardt","image-dimensions;empty-alt-review;h1-not-first-review","1","46","41","0","46","Anmeldelse af Green Day på Tinderbox 2025: Stadig vrede og vigtige","Green Day på Tinderbox mindede os om, hvorfor de stadig er relevante. En koncert med nostalgi, energi og uhyggelig aktualitet."
"https://www.aproposmagazine.com/articles/guide-til-wonderfestiwall-2026","image-dimensions;empty-alt-review;h1-not-first-review","1","49","44","0","44","Wonderfestiwall 2026 guide: Hvad du skal høre","Vores guide til Wonderfestiwall 2026 på Bornholm: dag for dag med Kesi, The Cardigans, Saveus, Infernal og festivalens smukkeste udsigt."
"https://www.aproposmagazine.com/articles/guldimund-heartland-at-noma-nar-trompeten-traekker-tarer","image-dimensions;empty-alt-review;h1-not-first-review","1","48","43","0","46","Guldimund live på Heartland at Noma – En uventet koncertoplevelse","Guldimund leverede en af de største koncertoplevelser i vores liv – midt i en pretentiøs ramme. Læs hele vores anmeldelse fra Heartland at Noma."
"https://www.aproposmagazine.com/articles/guldimund-pa-heartland-festival","image-dimensions;empty-alt-review;h1-not-first-review","1","48","43","0","46","Anmeldelse: Guldimund på Heartland 2026","Guldimund leverede en smuk og musikalsk stærk koncert på Heartland, men varmen og festivalsnakken stod i vejen for det helt store nærvær."
"https://www.aproposmagazine.com/articles/guldimund-pa-roskilde-festival-2026","image-dimensions;empty-alt-review;h1-not-first-review","1","47","42","0","46","Anmeldelse af Guldimund på Roskilde 2026: Regn og nærvær","Guldimund gjorde Arena intimt i silende regn med sange om familie, relationer og alt det, vi ikke får sagt i tide."
"https://www.aproposmagazine.com/articles/hans-philip-pa-heartland-festival-2026-melankoli-i-solen","image-dimensions;empty-alt-review;h1-not-first-review","1","48","43","0","46","Anmeldelse: Hans Philip på Heartland 2026","Hans Philip leverede en nærværende koncert på Heartland, men den blev også lidt for pæn, poleret og forudsigelig."
"https://www.aproposmagazine.com/articles/hans-zimmer-en-filmisk-rejse-i-symfonisk-storhed","image-dimensions;empty-alt-review;h1-not-first-review","1","47","42","0","46","Hans Zimmer anmeldelse (Royal Arena 10. marts 2026)","Hans Zimmer. En aften i Royal Arena, der lovede storhed og leverede storslåethed. 4 af 6 stjerner"
"https://www.aproposmagazine.com/articles/havoc-netflix-tom-hardy-fortaber-sig-i-blodsprojt-og-habloshed","image-dimensions;empty-alt-review;h1-not-first-review","1","47","42","0","46","Havoc anmeldelse: Tom Hardy i blodigt kaos","Læs vores anmeldelse af Havoc på Netflix, hvor Tom Hardy kæmper sig gennem overdreven splatter uden charme. Gode skuespillere – elendigt materiale."
"https://www.aproposmagazine.com/articles/he-man-masters-of-the-universe","image-dimensions;empty-alt-review;h1-not-first-review","1","49","44","0","46","He-Man: Masters of the Universe","Jeg sad med en lunken morgenkaffe klokken 9:30 og tænkte, at det her måske var en af den slags morgener, hvor man burde have fået popcorn i stedet for."
"https://www.aproposmagazine.com/articles/heartland-festival-2026-en-festival-der-stadig-kan-maerkes-i-kroppen","image-dimensions;empty-alt-review;h1-not-first-review","1","48","43","0","46","Anmeldelse: Heartland Festival 2026","Heartland Festival 2026 samlede musik, talks, mad og sommerlys på Egeskov i en festivaloplevelse med sjælden ro og kvalitet."
"https://www.aproposmagazine.com/articles/heartland-og-den-paene-laengsel-efter-noget-mere","image-dimensions;empty-alt-review;h1-not-first-review","1","46","41","0","46","Heartland Festival: Længsel efter mere end musik","Oplev Heartland Festival 2026, hvor musik og kultur mødes i en totaloplevelse under åben himmel."
"https://www.aproposmagazine.com/articles/highest-2-lowest-apple-tv","image-dimensions;empty-alt-review;h1-not-first-review","1","48","43","0","46","Highest 2 Lowest anmeldelse: Spike Lees store sammenbrud","Spike Lees Highest 2 Lowest er en ambitiøs, men ujævn filmanmeldelse med stærke præstationer og tung symbolik."
"https://www.aproposmagazine.com/articles/holdo-ideal-bar","image-dimensions;empty-alt-review;h1-not-first-review","1","48","43","0","46","Anmeldelse af Holdo - Ideal Bar 2026","Holdo forvandlede Ideal Bar til en svedig, mørk og inkluderende fest. En koncert, der ikke råbte – men blev siddende i kroppen. 5/6 stjerner."
"https://www.aproposmagazine.com/articles/hugorm-tinderbox-kvamm-danser-men-sangene-halter","image-dimensions;empty-alt-review;h1-not-first-review","1","46","41","0","46","Anmeldelse af Hugorm (Tinderbox) 2025: Hugorm prøver hårdt. For hårdt.","Simon Kvamm kaster alt på scenen – ild, dansere, satire, øjenkontakt – og glemmer at spille en koncert undervejs."
"https://www.aproposmagazine.com/articles/hvem-skal-du-se-onsdag-pa-roskilde","image-dimensions;empty-alt-review;h1-not-first-review","1","51","46","0","46","Onsdag på Roskilde Festival 2025: De 5 koncerter du ikke må misse","Få vores fem skarpe anbefalinger til hvem du skal se onsdag den 2. juli på Roskilde Festival 2025 – fra Charli XCX til Deftones og nye navne med kant."
"https://www.aproposmagazine.com/articles/hvornar-blev-vi-enige-om","image-dimensions;empty-alt-review;h1-not-first-review","1","46","41","0","46","Er gratis indhold lig med dårlig kvalitet? Et medieopgør","Vi undersøger, hvornår vi blev enige om, at annoncer, clickbait og dårlig læseoplevelse er acceptable – bare fordi det er gratis."
"https://www.aproposmagazine.com/articles/infernal-wonderfestiwall-2026-30-ar-med-bass-og-vodkabad","image-dimensions;empty-alt-review;h1-not-first-review","1","48","43","0","46","Infernal (Wonderfestiwall 2026): 30 år med bass og benzin","Kan man stadig blive overrasket af et act, man har set i tre årtier? Ja, åbenbart."
"https://www.aproposmagazine.com/articles/jacob-bellens-og-martin-skovbjerg-star-bag-nyt-projekt","image-dimensions;empty-alt-review;h1-not-first-review","1","47","42","0","46","Jacob Bellens bygger studie på Coco Hotel","Jacob Bellens og Martin Skovbjerg inviterer publikum ind i musikkens maskinrum midt på Coco Hotel. Første single er ude nu – og næste studieaften venter med rødvin og rå magi."
"https://www.aproposmagazine.com/articles/jason-derulo-fra-taknemmelighed-til-vulkansk-eksplosion","image-dimensions;empty-alt-review;h1-not-first-review","1","46","41","0","46","Jason Derulo – Last Dance Tour anmeldelse (Royal Arena)","Jason Derulo forvandler Royal Arena til et popcirkus af ild, dans og hits på Last Dance Tour. Apropos Magazine anmelder showet – 4/6 stjerner."
"https://www.aproposmagazine.com/articles/jess-glynne-tinderbox","image-dimensions;empty-alt-review;h1-not-first-review","1","48","43","0","48","Jess Glynne (Tinderbox): Hits uden nærvær","Jess Glynne havde hitsene og stemmen, men koncerten på Tinderbox fandt aldrig nærværet eller flowet efter stormen."
"https://www.aproposmagazine.com/articles/john-martin-festegnen","image-dimensions;empty-alt-review;h1-not-first-review","1","49","44","0","49","John Martin på Festegnen: Anmeldelse","John Martin løftede Festegnen med EDM-nostalgi, stærk vokal og Swedish House Mafia-hymner, der stadig rammer lige i brystet."
"https://www.aproposmagazine.com/articles/justice-o-days-festival-total-forlosning-i-mudder-og-bassdrops","image-dimensions;empty-alt-review;h1-not-first-review","1","47","42","0","46","Justice på O Days Festival: En rave-messe i mudderet","Justice forvandlede O Days til et techno-tempel med remixede klassikere og total forløsning. En aften, der reddede hele lørdagen."
"https://www.aproposmagazine.com/articles/kalaset-anmeldelse","image-dimensions;empty-alt-review;h1-not-first-review","1","47","42","0","46","Kalaset anmeldelse (Falkonersalen 20. november 2025)","Kalaset leverer en energisk, følelsesladet og professionel ekstrakoncert i Falkonersalen. - 5 af 6 stjerner."
"https://www.aproposmagazine.com/articles/kenny-pa-orange-scene---stort-show-masser-af-dansere-og-en-smule-forvirrende-koncept","image-dimensions;empty-alt-review;h1-not-first-review","1","47","42","0","46","Kenny på Orange Scene: Visuelt imponerende koncert med uklar retning","Kenny leverede et energisk og visuelt stærkt show på Orange Scene, men koncertens budskab og formål stod noget uklart hen trods stærke elementer og features."
"https://www.aproposmagazine.com/articles/kesi-i-royal-arena-2025-en-krone-pa-dansk-rap","image-dimensions;empty-alt-review;h1-not-first-review","1","47","42","0","46","Anmeldelse: Kesi i Royal Arena (2025): En krone på dansk rap","Kesi samlede dansk hiphop i Royal Arena med gæster som Gilli, Hans Philip og Benny Jamz. En storslået aften, der fejrede både fællesskab og karriere – og satte en milepæl for dansk rap."
"https://www.aproposmagazine.com/articles/kpop-demon-hunters-netflix","image-dimensions;empty-alt-review;h1-not-first-review","1","47","42","0","46","KPop Demon Hunters anmeldelse: Anime-pop","En K-pop anime-musical om dæmoner, glitter og selverkendelse. Det lyder skørt – men KPop Demon Hunters er årets mest uventede filmoplevelse."
"https://www.aproposmagazine.com/articles/kunst-eller-bare-content","image-dimensions;empty-alt-review;h1-not-first-review","1","48","43","0","46","Copenhagen Contemporary – Kunstinstitution med image","En anmeldelse af en udstilling, der balancerer mellem visuel overflod og intellektuel tomhed. Er det ægte kunst – eller bare pænt?"
"https://www.aproposmagazine.com/articles/kunst-pa-roskilde-festival-2026","image-dimensions;empty-alt-review;h1-not-first-review","1","48","43","0","46","Kunst og graffiti på Roskilde Festival 2026","Læs om kunst og graffiti på Roskilde Festival 2026 og om, hvorfor Art & Activism er en vigtig del af festivalens udtryk."
"https://www.aproposmagazine.com/articles/kurt-vile-the-violators-i-vega-slackerens-storhedstid","image-dimensions;empty-alt-review;h1-not-first-review","1","48","43","0","46","Kurt Vile i Vega: skæv guitar og støvet overskud","Kurt Vile & The Violators overtog Vega med skæv guitar, tyngde og støvet overskud. Fem stjerner til en koncert, der voksede stille."
"https://www.aproposmagazine.com/articles/latto-pa-tinderbox-na-men-sa-gik-vi-igen","image-dimensions;empty-alt-review;h1-not-first-review","1","46","41","0","46","Latto dukkede aldrig op på Tinderbox","Ingen Latto. Ingen DJ. Kun en tom scene og et forvirret publikum på Tinderbox. Hvorfor dukkede hun aldrig op?"
"https://www.aproposmagazine.com/articles/lenny-kravitz-i-royal-arena","image-dimensions;empty-alt-review;h1-not-first-review","1","46","41","0","46","Lenny Kravitz i Royal Arena – En tidsmaskine med selektiv hukommelse","Lenny Kravitz leverer en koncert, der balancerer charme og rutine. Vi så ham i Royal Arena og tog pulsen på 90’ernes mest funky comeback."
"https://www.aproposmagazine.com/articles/limp-bizkit-royal-arena-fred-durst-i-neon-wes-borland-i-guld-og-resten-i-parentes","image-dimensions;empty-alt-review;h1-not-first-review","1","46","41","0","46","Limp Bizkit i Royal Arena: Anmeldelse","Limp Bizkit ramte Royal Arena den 20. marts 2025 med pink shorts, flade vokaler og storladne minder fra årtusindskiftet. Læs hele anmeldelsen af en koncert, der mest af alt var en gimmick med guitar."
"https://www.aproposmagazine.com/articles/little-simz-pa-roskilde-festival-2026","image-dimensions;empty-alt-review;h1-not-first-review","1","48","43","0","46","Little Simz anmeldelse på Roskilde Festival 2026","Anmeldelse af Little Simz’ koncert på Roskilde Festival 2026, hvor Orange Scene og publikums energi løfter en regnfuld festivaldag."
"https://www.aproposmagazine.com/articles/live-men-optaget---koncertkulturens-kollaps","image-dimensions;empty-alt-review;h1-not-first-review","1","47","42","0","46","Live, men optaget – Koncertkultur i krise","Vi undersøger, hvad der sker, når koncertoplevelsen pakkes ind i kameraer og content. Er det stadig live, hvis vi alle filmer?"
"https://www.aproposmagazine.com/articles/lordag-pa-roskilde-tiktok-dronninger-og-deprimeret-onkelrock","image-dimensions;empty-alt-review;h1-not-first-review","1","52","47","0","46","Roskilde Festival lørdag: Guide 2025","Alt du skal vide om lørdagen på Roskilde Festival 2025: Africa Express’ kaos, Nine Inch Nails’ mørke, Noah Carters comeback og TikTok-fænomenet Tyla."
"https://www.aproposmagazine.com/articles/lordag-pa-syd-for-solen-2026-fem-oplevelser-i-stovet","image-dimensions;empty-alt-review;h1-not-first-review","1","51","46","0","46","Syd for Solen 2026: Fem oplevelser i støvet","Brimheim, Hans Philip, Faza, Blood Orange og The xx prægede lørdagen på Syd for Solen 2026. Fem koncertoplevelser fra Valbyparken."
"https://www.aproposmagazine.com/articles/lorde---feeling-good-on-a-monday","image-dimensions;empty-alt-review;h1-not-first-review","1","47","42","0","46","Lorde i Royal Arena: Anmeldelse","Lorde leverede sit første danske headlineshow med et ultraskarpt, koreograferet og følelsesmættet koncertunivers. En sjældent helstøbt popaften."
"https://www.aproposmagazine.com/articles/lp-pa-heartland-festival-2026-rockstemme-i-30-graders-skygge","image-dimensions;empty-alt-review;h1-not-first-review","1","48","43","0","46","LP på Heartland Festival: Rockstemme i sommervarmen","LP leverede en intens og nærværende rockkoncert på Heartland, hvor stemmen bar gennem varmen og helt ind i kroppen."
"https://www.aproposmagazine.com/articles/lucky-apple-tv-anmeldelse","image-dimensions;empty-alt-review;h1-not-first-review","1","50","45","0","46","Lucky (Apple TV) anmeldelse","Anmeldelse af Lucky på Apple TV+: Serien er vellavet og underholdende, men også for glat og genkendelig til for alvor at sætte sig fast."
"https://www.aproposmagazine.com/articles/magicbox-pa-tinderbox-en-festival-i-festivalen","image-dimensions;empty-alt-review;h1-not-first-review","1","47","42","0","46","Anmeldelse af MagicBox på Tinderbox: EDM-scenen der stjal hele showet","En skov af ild, tramp og droner. MagicBox føles som Tomorrowland på fynsk."
"https://www.aproposmagazine.com/articles/magicbox-tinderbox","image-dimensions;empty-alt-review;h1-not-first-review","1","46","41","0","46","MagicBox på Tinderbox: 5 DJ’s du skal høre","Tinderbox’ MagicBox byder på techno, afrohouse og ekstase under åben himmel. Men ét navn stikker ud – på den helt forkerte måde. Læs guiden her."
"https://www.aproposmagazine.com/articles/malk-de-koijn---endnu-en-genopstandelse-pa-orange","image-dimensions;empty-alt-review;h1-not-first-review","1","48","43","0","46","Malk de Koijn – Anmeldelse | Roskilde Festival 2026","Malk de Koijn trodsede regnen på Orange Scene med ordleg, kostumeskift og en koncert, der endnu engang føltes som en genopstandelse."
"https://www.aproposmagazine.com/articles/mario-tennis-server-igen","image-dimensions;empty-alt-review;h1-not-first-review","1","50","45","0","46","Mario Tennis – Primer før udgivelsen 12. februar","En primer på Mario Tennis før udgivelsen 12. februar. 38 karakterer, nye ketchere og klassisk Nintendo-kaos på banen."
"https://www.aproposmagazine.com/articles/medina-syd-for-solen-2026-anmeldelse","image-dimensions;empty-alt-review;h1-not-first-review","1","48","43","0","46","Medina på Syd for Solen 2026 – anmeldelse","Medina samlede generationer og festivaltyper i Valbyparken til en fælles, hæs folkefest på Syd for Solen 2026."
"https://www.aproposmagazine.com/articles/mel-c-pa-wonderfestiwall-nostalgien-vandt","image-dimensions;empty-alt-review;h1-not-first-review","1","49","44","0","46","Mel C på Wonderfestiwall 2026 anmeldelse","Mel C leverer stemme og professionalisme på Wonderfestiwall 2026, men koncerten mangler energi og den store nostalgiske forløsning."
"https://www.aproposmagazine.com/articles/metroid-prime-4-beyond-anmeldelse","image-dimensions;empty-alt-review;h1-not-first-review","1","47","42","0","46","Metroid Prime 4: Beyond – anmeldelse af GameCube-arven","Et langsomt, kompromisløst Nintendo-comeback. Metroid Prime 4 stoler på stilhed, struktur og tålmodighed – og vinder på det."
"https://www.aproposmagazine.com/articles/mew-royal-arena-farvel-til-fremtiden---et-punktum-med-stjernestov-efter-30-ar","image-dimensions;empty-alt-review;h1-not-first-review","1","47","42","0","46","Mew (Royal Arena): Farvel til fremtiden med følelser og fællessang","Mew sagde farvel i Royal Arena med tårer, tak og stor lyd. En aften hvor æraer sluttede, og følelserne fik lov at fylde."
"https://www.aproposmagazine.com/articles/mew-the-war-on-drugs-lunden-2024-en-dobbeltkoncert-i-drommens-favntag","image-dimensions;empty-alt-review;h1-not-first-review","1","46","41","0","46","Mew & The War on Drugs: Koncertanmeldelse","Mew og The War on Drugs i Lunden, Horsens – en aften i perfektionens, melankoliens og musikkens tegn. Læs Apropos anmeldelse her (6/6 stjerner)."
"https://www.aproposmagazine.com/articles/mille-pa-roskilde-festival-2026","image-dimensions;empty-alt-review;h1-not-first-review","1","48","43","0","46","Mille på Roskilde Festival 2026: anmeldelse","Mille leverer en selvsikker koncert på Arena, hvor Annika og URO løfter en overvejende positiv anmeldelse fra Roskilde Festival 2026."
"https://www.aproposmagazine.com/articles/mission-impossible---the-final-reckoning-cruise-lober-og-vi-folger-med","image-dimensions;empty-alt-review;h1-not-first-review","1","47","42","0","46","Mission: Impossible anmeldelse: Cruise løber","Mission: Impossible – Dead Reckoning Part Two: Cruise løber stærkt, men filmen halter lidt bagefter"
"https://www.aproposmagazine.com/articles/mnemic-copenhell-tilbage-med-selvtillid-og-sved-pa-panden","image-dimensions;empty-alt-review;h1-not-first-review","1","47","42","0","46","Mnemic (Copenhell): Et comeback med tyngde og troværdighed","Mnemic vender tilbage på Copenhell uden show-off – men med selvtillid, skarpe riffs og et forsangerløft, der rammer plet."
"https://www.aproposmagazine.com/articles/mo-det-gyldne-mellem-punk-og-pop","image-dimensions;empty-alt-review;h1-not-first-review","1","46","41","0","46","MØ live – Anmeldelse af en artist i konstant forvandling","MØ balancerer punk og pop med imponerende scenetilstedeværelse. Vi anmelder hendes koncert og dykker ned i det gyldne midtpunkt."
"https://www.aproposmagazine.com/articles/monarch-legacy-of-monsters-season-2","image-dimensions;empty-alt-review;h1-not-first-review","1","49","44","0","46","Monarch: Legacy of Monsters sæson 2 anmeldelse","Sæson 2 af Monarch: Legacy of Monsters er visuelt stærk og følelsesmæssigt ambitiøs, men ikke altid helt forløst på Apple TV+."
"https://www.aproposmagazine.com/articles/mortal-kombat-2-hbo-max-anmeldelse","image-dimensions;empty-alt-review;h1-not-first-review","1","49","44","0","46","Anmeldelse af Mortal Kombat 2 (HBO Max): Blod, brøl og tomgang","Mortal Kombat har altid levet af et enkelt, næsten barnligt løfte: at vold kan være koreograferet med stil og selvironi."
"https://www.aproposmagazine.com/articles/mudder-smerte-og-ocd-der-ikke-hjaelper","image-dimensions;empty-alt-review;h1-not-first-review","1","46","41","0","46","Nordic Race 2025 på Reffen: Mudder, smerte og sjov for nybegyndere","Vi ser frem til Nordic Race på Reffen: mudder, reb og potentiel ydmygelse. En intens oplevelse med publikum tæt på, fællesskab og svedige forhindringer."
"https://www.aproposmagazine.com/articles/musik-i-gentofte-2026-sol-sang-og-et-par-streger-i-regningen","image-dimensions;empty-alt-review;h1-not-first-review","1","50","45","0","50","Musik i Gentofte 2026 – anmeldelse af byfestivalen","Anmeldelse af Musik i Gentofte 2026: solskin, regnvåd fest med Gilli og et publikum, der sang Rasmus Seebach hjem — festivalens højder og lavpunkter."
"https://www.aproposmagazine.com/articles/napalm-death-pa-roskilde-festival-2026","image-dimensions;empty-alt-review;h1-not-first-review","1","46","41","0","46","Napalm Death på Roskilde Festival 2026 anmeldelse","Læs anmeldelsen af Napalm Death på Roskilde Festival 2026 og oplevelsen på Eos-scenen, hvor brutalitet og varme mødes."
"https://www.aproposmagazine.com/articles/nia-archives-o-days-2026-anmeldelse","image-dimensions;empty-alt-review;h1-not-first-review","1","48","43","0","44","Nia Archives på O Days 2026 anmeldelse","Nia Archives leverede et af højdepunkterne på O Days 2026 med nyt album, live-vokal og eksplosiv jungle på Omni-scenen. Læs vores anmeldelse. 5/6 stjerner."
"https://www.aproposmagazine.com/articles/nine-inch-nails-leverede-intens-og-uforglemmelig-koncertoplevelse-pa-roskilde-festival-2025","image-dimensions;empty-alt-review;h1-not-first-review","1","47","42","0","46","Nine Inch Nails på Roskilde: Anmeldelse","Oplev vores anmeldelse af Nine Inch Nails’ intense og mindeværdige koncert på Roskilde Festival 2025. Læs om Trent Reznors nærvær, politiske Bowie-cover og magiske afslutning med “Hurt.” En solid rockoplevelse med 6 stjerner."
"https://www.aproposmagazine.com/articles/nok-om-mig-mikkel-klint-thorius-rammer-plet-i-bremen","image-dimensions;empty-alt-review;h1-not-first-review","1","47","42","0","46","Anmeldelse af ""Nok om mig"" – Mikkel Klint Thorius rammer plet i Bremen","Mikkel Klint Thorius rammer plet med Nok om mig i Bremen Teater, hvor skarp timing og overskud løfter showet hele vejen hjem."
"https://www.aproposmagazine.com/articles/nordic-race-2025-refshaleoen","image-dimensions;empty-alt-review;h1-not-first-review","1","47","42","0","46","Nordic Race (Refshaleøen): Skammens armbånd og fællesskab","Nordic Race på Refshaleøen: 18 forhindringer, sved, grin og skammens armbånd. En brutal, sjov og overraskende inkluderende oplevelse."
"https://www.aproposmagazine.com/articles/now-you-see-me-3-now-you-dont","image-dimensions;empty-alt-review;h1-not-first-review","1","48","43","0","46","Now You See Me 3: Now You Don’t anmeldelse","Ni år senere er The Horsemen tilbage. Now You See Me 3 er et charmerende, energisk comeback fyldt med tricks, tempo og overraskende god kemi."
"https://www.aproposmagazine.com/articles/o-days","image-dimensions;empty-alt-review;h1-not-first-review","1","46","41","0","46","O Days Festival 2025: Guide og anmeldelse","Oplev O Days 2025 – Københavns mest kuraterede musikfestival med navne som Justice, Honey Dijon og Bicep. Tre dage med kunst, æstetik og elektroniske vibes i hjertet af Refshaleøen."
"https://www.aproposmagazine.com/articles/o-days-2026-guide","image-dimensions;empty-alt-review;h1-not-first-review","1","46","41","0","46","O Days 2026 guide: Hvad skal du se på Refshaleøen i år?","Disclosure, Joy Orbison, Nia Archives og Mall Grab gør O Days 2026 til årets skarpeste lineup på Refshaleøen. Her er navnene, du skal se."
"https://www.aproposmagazine.com/articles/oehavet-festival-faellesskab-musik-og-maritim-hoejskolestemning","image-dimensions;empty-alt-review;h1-not-first-review","1","48","43","0","46","Øhavet Festival 2026: Fællesskab og musik i Marstal","Øhavet Festival er en særlig oplevelse, fordi den bygger på lokale kræfter, fællesskab og en stemning, der føles både solidarisk og tillidsbaseret."
"https://www.aproposmagazine.com/articles/olivia-rodrigo-pa-orange-scene","image-dimensions;empty-alt-review;h1-not-first-review","1","46","41","0","46","Olivia Rodrigo på Roskilde: Anmeldelse","Olivia Rodrigo leverede en flot og følelsesladet koncert på Orange Scene – men det blev aldrig helt magisk."
"https://www.aproposmagazine.com/articles/onerepublic-royal-arena","image-dimensions;empty-alt-review;h1-not-first-review","1","47","42","0","46","OneRepublic i Royal Arena: Anmeldelse","Ryan Tedder og OneRepublic fyldte Royal Arena med hits, konfetti og charme – men også lidt kaos. En underholdende aften, hvor hitmaskinen mangler det sidste gear live."
"https://www.aproposmagazine.com/articles/outcome-apple-tv-jonah-hills-med-samvittighed-og-bid","image-dimensions;empty-alt-review;h1-not-first-review","1","49","44","0","46","Outcome (Apple TV+): Anmeldelse af Jonah Hills comeback som instruktør","Anmeldelse: Outcome på Apple TV+ er Jonah Hills skæve comeback som instruktør, hvor skyld, humor og emotionelt rod bliver til et blødt stik i maven."
"https://www.aproposmagazine.com/articles/outlander-netflix-saeson-7-tiden-laeger-ikke-alle-sar-men-den-abner-dem-smukt","image-dimensions;empty-alt-review;h1-not-first-review","1","47","42","0","46","Outlander sæson 7 anmeldelse: Skotsk tåge","I syvende sæson af Outlander folder dramaet sig ud med både revolution og romantik. En storladen serie, der nægter at gøre sig lille – Apropos Magazine anmelder."
"https://www.aproposmagazine.com/articles/p3-dragbingo-syd-for-solen-2026","image-dimensions;empty-alt-review;h1-not-first-review","1","49","44","0","46","P3’s dragbingo på Syd for Solen 2026","P3’s dragbingo blev torsdagens sjoveste overraskelse på Syd for Solen: twerk, fællessang og en hel plads uden værdighedsproblemer."
"https://www.aproposmagazine.com/articles/paradise","image-dimensions;empty-alt-review;h1-not-first-review","1","48","43","0","46","En mesterlig thrillerserie forklædt som amerikansk idylland","Paradise på Disney+ er en af årets mest intense serier – en dyster, elegant og velspillet thriller om magt, tillid og illusioner. Vi anmelder serien, der efterlader dig stakåndet efter rulleteksterne."
"https://www.aproposmagazine.com/articles/post-malone-i-royal-arena-halvfuld-charme-i-stadionformat","image-dimensions;empty-alt-review;h1-not-first-review","1","46","41","0","46","Post Malone i Royal Arena 2023: Halvvejs genial, halvvejs glemt","Post Malone ramte Royal Arena med en koncert, der balancerede mellem intimitet og stadionformat. Med store hits og charme, men også tomme kalorier og overproduktion. Læs hele anmeldelsen."
"https://www.aproposmagazine.com/articles/reacher-saeson-3","image-dimensions;empty-alt-review;h1-not-first-review","1","48","43","0","46","Reacher Sæson 3 (Prime Video) – Maskulin action og post-it plot","Reacher sæson 3 er brutal og underholdende. Simpelt plot, højlydt vold og testosteron-pumpede replikker – perfekt til mobilscroll og popcorn."
"https://www.aproposmagazine.com/articles/riff-raff","image-dimensions;empty-alt-review;h1-not-first-review","1","48","43","0","46","Riff Raff – Clickbait forklædt som filmkunst","En anmeldelse af Riff Raff, hvor clickbait-æstetik møder højtsvungne ambitioner. Vi graver ned i, hvad der gemmer sig bag hype og hashtags."
"https://www.aproposmagazine.com/articles/ripley","image-dimensions;empty-alt-review;h1-not-first-review","1","47","42","0","46","Ripley (Netflix) – Et noir-mesterstykke i ny forklædning","Netflix’ Ripley er elegant, dyster og vanvittigt stilren. En langsom thriller om identitet og bedrag, du ikke må snyde dig selv for."
"https://www.aproposmagazine.com/articles/sabrina-carpenter-i-royal-arene---hvem-sagde-bubblegum","image-dimensions;empty-alt-review;h1-not-first-review","1","46","41","0","46","Sabrina Carpenter live i Royal Arena – Bubblegum-pop med overskud","En scenevant Sabrina Carpenter beviser, at hun er mere end TikTok og sødme. En koncert fyldt med charme, vokal og glitter."
"https://www.aproposmagazine.com/articles/sammy-virji-i-poolen","image-dimensions;empty-alt-review;h1-not-first-review","1","49","44","0","46","Sammy Virji i Poolen anmeldelse: UK garage med fuld gevinst","Sammy Virji forvandlede Poolen til en tung UK garage-fest. ELOQ var stærk opvarmning, og finalen gjorde den famlende start værd."
"https://www.aproposmagazine.com/articles/saros","image-dimensions;empty-alt-review;h1-not-first-review","1","49","44","0","44","Saros anmeldelse: Smukt dash-skydespil på PS5","Housemarques Saros er et smukt PS5-dash-skydespil med Returnal-rytme. Læs anmeldelsen af stil, fart og et roguelike, der knækker."
"https://www.aproposmagazine.com/articles/saveus-pa-wonderfestiwall-2026-regnen-fik-ikke-en-chance","image-dimensions;empty-alt-review;h1-not-first-review","1","49","44","0","49","SAVEUS anmeldelse på Wonderfestiwall 2026","SAVEUS leverer en stor, fysisk og følelsesladet koncert på Wonderfestiwall 2026. Fem stjerner til en maksimalistisk optræden med både tyngde og nærhed."
"https://www.aproposmagazine.com/articles/scooter-festegnen-2026","image-dimensions;empty-alt-review;h1-not-first-review","1","49","44","0","46","Anmeldelse af Scooter (Festegnen): Jeg så Gud til rave (6/6 stjerner)","Scooter på Festegnen var ild, hardstyle, tårer og total overgivelse. H.P. Baxxter gav os en seksstjernet rave-åbenbaring."
"https://www.aproposmagazine.com/articles/shogun","image-dimensions;empty-alt-review;h1-not-first-review","1","48","43","0","46","Shōgun (Disney+) – En brutal, æstetisk og respektfuld genfortælling","Shōgun er tilbage med et historisk drama, der balancerer blod og poesi. En serie der tager sin tid og sit materiale alvorligt."
"https://www.aproposmagazine.com/articles/showbizz-politik-som-musical-tro-som-replik","image-dimensions;empty-alt-review;h1-not-first-review","1","46","41","0","46","Showbizz af Morten Messerschmidt – Når politik bliver til musical","En politisk satire forklædt som musical. Showbizz går all in på drama, dans og dilemmaer – men virker det? Læs vores anmeldelse."
"https://www.aproposmagazine.com/articles/shrinking","image-dimensions;empty-alt-review;h1-not-first-review","1","48","43","0","46","Shrinking – En terapitime du aldrig ønsker slutter","Jason Segel og Harrison Ford spiller sig direkte ind i hjertekulen i Shrinking – en varm og sjov serie om sorg, forandring og venskab."
"https://www.aproposmagazine.com/articles/shrinking-season-3","image-dimensions;empty-alt-review;h1-not-first-review","1","49","44","0","46","Shrinking sæson 3 anmeldelse","Anmeldelse af Shrinking sæson 3, hvor serien roses for varme, humor og menneskelighed – med Jason Segel, Harrison Ford og Jessica Williams."
"https://www.aproposmagazine.com/articles/silo-en-dystopisk-faengselssymfoni-du-ikke-kan-slippe","image-dimensions;empty-alt-review;h1-not-first-review","1","48","43","0","46","Silo (Apple TV+)","I Silo bor menneskeheden i en gigantisk underjordisk struktur. Læs vores anmeldelse af denne mørke, intense sci-fi-serie på Apple TV+."
"https://www.aproposmagazine.com/articles/silo-season-3-apple-tv-nar-dybet-begynder-at-svare-igen","image-dimensions;empty-alt-review;h1-not-first-review","1","49","44","0","49","Silo sæson 3 anmeldelse: dybere og mørkere","Silo sæson 3 anmeldelse: Serien bliver større og mere ambitiøs, men bevarer sin stille spænding og dystopiske tyngde."
"https://www.aproposmagazine.com/articles/silvana-imam-i-lille-vega-en-kompromislos-koncert-med-kraft-og-kaerlighed","image-dimensions;empty-alt-review;h1-not-first-review","1","46","41","0","46","Silvana Imam i Lille VEGA: Anmeldelse","Den svenske rapper Silvana Imam indtog Lille VEGA med en koncert, der forenede politisk skarphed og musikalsk intensitet. Liv Brandt anmelder en aften, der satte spor."
"https://www.aproposmagazine.com/articles/simon-talbot-ekstra-extra-anmeldelse","image-dimensions;empty-alt-review;h1-not-first-review","1","47","42","0","46","Anmeldelse af Simon Talbot – Ekstra Extra (Bremen Teater 2026)","Anmeldelse af Simon Talbot i Bremen Teater: “Ekstra Extra” leverer groteske observationer, selvironi og høj energi. Læs Apropos’ vurdering."
"https://www.aproposmagazine.com/articles/skunk-anansie-copenhell-90ernes-vrede-vendte-hjem---og-fik-publikum-til-at-skrige-med","image-dimensions;empty-alt-review;h1-not-first-review","1","47","42","0","46","Skunk Anansie på Copenhell: Anmeldelse","“If you wanna have sex later, I’m in” – sagde Skin til sikkerhedsvagten, der løftede hende op. Og så gik det løs."
"https://www.aproposmagazine.com/articles/sombr-syd-for-solen-2026-anmeldelse","image-dimensions;empty-alt-review;h1-not-first-review","1","48","43","0","46","sombr på Syd for Solen 2026 – anmeldelse","sombr leverede læder, Dannebrog, roser og et spring i havet på Syd for Solen. Showet var stort, men sangene fandt aldrig klimakset."
"https://www.aproposmagazine.com/articles/sommerens-film","image-dimensions;empty-alt-review;h1-not-first-review","1","49","44","0","46","Sommerens film: anmeldelse af titlerne, der får biografmørket til at…","En anmeldelse af sommerens filmprogram, fra store franchises til mere følsomme titler, der bliver hængende efter rulleteksterne."
"https://www.aproposmagazine.com/articles/soulfly-i-lille-vega","image-dimensions;empty-alt-review;h1-not-first-review","1","48","43","0","46","Soulfly i Lille Vega – berimbau, ritual og metal","Soulfly fyldte Lille Vega med berimbau, djævlehorn og trashet energi. Fem stjerner til Max Cavaleras ritual af metal og familie."
"https://www.aproposmagazine.com/articles/spider-man-a-brand-new-day-anmeldelse","image-dimensions;empty-alt-review;h1-not-first-review","1","50","45","0","50","Spider-Man: A Brand New Day – anmeldelse: Marvel rammer plet","Spider-Man svinger sig fri af Marvel-maskinen i en sjov, levende og overraskende menneskelig superheltefilm. Vi giver 5 ud af 6 stjerner."
"https://www.aproposmagazine.com/articles/split-ted-x-zima-pa-rust","image-dimensions;empty-alt-review;h1-not-first-review","1","48","43","0","46","Anmeldelse: SPLIT:TED x ZIMA på Rust 24. februar","SPLIT:TED og ZIMA indtog Rust med ungdommelig selvtillid og rå energi. Læs vores samlede anmeldelse af showcase 24. februar."
"https://www.aproposmagazine.com/articles/spot-festival-dag-1","image-dimensions;empty-alt-review;h1-not-first-review","1","50","45","0","46","SPOT Festival 2025 – Dag 1: Dansk talent og genremod i højsædet","SPOT Festival 2025 skød weekenden i gang med stærke liveacts fra upcoming navne som Shebaba, Gunge og Ahead. Her er højdepunkterne fra dag 1."
"https://www.aproposmagazine.com/articles/star-wars-the-last-jedi-live-in-concert","image-dimensions;empty-alt-review;h1-not-first-review","1","47","42","0","46","Star Wars: The Last Jedi Live in Concert anmeldelse","Anmeldelse af Star Wars: The Last Jedi Live in Concert i Royal Arena, hvor liveorkestret løfter filmoplevelsen fra gimmick til noget stærkere."
"https://www.aproposmagazine.com/articles/surface-apple-tv---nar-din-identitet-er-det-eneste-du-ikke-ejer","image-dimensions;empty-alt-review;h1-not-first-review","1","48","43","0","46","Surface (Apple TV+): Glemsel som luksusproblem og mareridt","Apropos Magazine anmelder første sæson af Surface på Apple TV+. En psykologisk thriller med stil, silikone og sår, men halter det indholdsmæssigt?"
"https://www.aproposmagazine.com/articles/syd-for-solen-2026","image-dimensions;empty-alt-review;h1-not-first-review","1","46","41","0","46","Syd for Solen 2026 Lineup: Det skal du opleve i Valbyparken","Syd for Solen 2026 er klar med Lorde, The xx, Medina og Blood Orange. Se lineup, program og vores anbefalinger til festivalen i Valbyparken."
"https://www.aproposmagazine.com/articles/sylosis-copenhell-flammer-vrede-og-en-sonisk-uppercut-midt-i-brystkassen","image-dimensions;empty-alt-review;h1-not-first-review","1","47","42","0","46","Sylosis på Copenhell: Anmeldelse","Sylosis tændte ild i scenen og slog publikum ud med præcis, hård thrash-metal. Læs hvorfor vi gav dem 5 stjerner på Copenhell."
"https://www.aproposmagazine.com/articles/tak-for-turen-nak-aed","image-dimensions;empty-alt-review;h1-not-first-review","1","47","42","0","46","Nak & Æd (DR) – Farvel til et ikonisk tv-eventyr","Efter 16 sæsoner siger Nak & Æd farvel. Et ærligt, råt og elsket tv-format, der har formet dansk natur-tv. Læs vores hyldest og eftermæle."
"https://www.aproposmagazine.com/articles/tanner-adell-pa-eos-moderne-country-med-kant-og-charme","image-dimensions;empty-alt-review;h1-not-first-review","1","46","41","0","46","Tanner Adell på Roskilde: Anmeldelse","Tanner Adell på Eos-scenen – en frisk, moderne countrystemme der blander tradition og nyt med charme og dybde. En stærk koncertoplevelse fyldt med nærvær og melankoli."
"https://www.aproposmagazine.com/articles/tears-of-the-kingdom-nintendo-switch-den-ultimative-zelda-oplevelse","image-dimensions;empty-alt-review;h1-not-first-review","1","47","42","0","46","Tears of the Kingdom (Switch): Den ultimative Zelda-oplevelse","Et kreativt og følelsesmæssigt open world-mesterværk, der indfanger Zelda-magien på nye måder – også for skeptikere."
"https://www.aproposmagazine.com/articles/techbbq-2025","image-dimensions;empty-alt-review;h1-not-first-review","1","48","43","0","46","TechBBQ 2025 (Bella Center): LinkedIn på speed","TechBBQ lover inspiration, men føles som en to-dages LinkedIn-feed. Sokker, buzzwords og lunkne øl erstatter ægte idéer."
"https://www.aproposmagazine.com/articles/teufel-bash-rat-rabende-og-rovcharmerende-i-fuglekvarteret","image-dimensions;empty-alt-review;h1-not-first-review","1","46","41","0","46","Teufel Bash – Råt, råbende og røvcharmerende i fuglekvarteret","Benzinduft, Harboe-øl og vilde liveacts til Teufel Bash – en rå mini-festival i Københavns fuglekvarter med charme og ægte undergrundsstemning."
"https://www.aproposmagazine.com/articles/the-bear---season-4","image-dimensions;empty-alt-review;h1-not-first-review","1","47","42","0","46","Anmeldelse: The Bear - Sæson 4","Anmeldelse: The Bear - Sæson 4"
"https://www.aproposmagazine.com/articles/the-boys-saeson-4","image-dimensions;empty-alt-review;h1-not-first-review","1","48","43","0","46","The Boys Sæson 4 (Prime Video) – Voldsomme superhelte, satirisk guld","Læs vores anmeldelse af The Boys sæson 4 på Prime Video – en eksplosiv, velskrevet og satirisk serie om magtfulde superhelte og kaos i latex."
"https://www.aproposmagazine.com/articles/the-brian-jonestown-massacre-amager-bio-en-stojfest-for-de-indviede","image-dimensions;empty-alt-review;h1-not-first-review","1","47","42","0","46","The Brian Jonestown Massacre (Amager Bio)","En hypnotisk seance med tamburiner, 12-strengede guitarer og kultstemning i Amager Bio. The Brian Jonestown Massacre holder stadig magien i live."
"https://www.aproposmagazine.com/articles/the-cardigans-wonderfestiwall-anmeldelse","image-dimensions;empty-alt-review;h1-not-first-review","1","49","44","0","46","The Cardigans (Wonderfestiwall): Da poplegenderne kom på","Jeg stod med en festivaløl og gode intentioner, da The Cardigans gik på Wonderfestiwall fredag omkring kl. 18."
"https://www.aproposmagazine.com/articles/the-death-of-robin-hood-review","image-dimensions;empty-alt-review;h1-not-first-review","1","50","45","0","50","Anmeldelse: The Death of Robin Hood","Hvad nu hvis Robin Hood ikke var en helt, men bare en mand, der er blevet så vant til sin egen vold, at han kalder den skæbne?"
"https://www.aproposmagazine.com/articles/the-last-of-us-max-nar-kaerlighed-bliver-en-kampplads","image-dimensions;empty-alt-review;h1-not-first-review","1","48","43","0","46","The Last of Us sæson 1 anmeldelse","Apropos Magazine anmelder The Last of Us sæson 1. En rørende og brutal serie om kærlighed, tab og overlevelse i en verden, hvor menneskeligheden selv er under angreb."
"https://www.aproposmagazine.com/articles/the-last-of-us-season-2","image-dimensions;empty-alt-review;h1-not-first-review","1","48","43","0","46","The Last of Us sæson 2 anmeldelse","The Last of Us sæson 2 vil gerne være episk og rørende – men falder mellem to stole. En anmeldelse med gamerkritik, zombier og for lidt Ellie."
"https://www.aproposmagazine.com/articles/the-minds-of-99-pa-heartland-2026","image-dimensions;empty-alt-review;h1-not-first-review","1","48","43","0","46","Anmeldelse: The Minds of 99 på Heartland: Alle skuffer ikke her","The Minds of 99 samlede Heartland i en koncert, hvor lyden, lyset og fællessangen gik op i en sjælden helhed."
"https://www.aproposmagazine.com/articles/the-moment-anmeldelse","image-dimensions;empty-alt-review;h1-not-first-review","1","49","44","0","46","Charli XCX - The Moment anmeldelse. BRAT Summer Forever","Charli XCX’s The Moment er en satirisk og kaotisk film om BRAT-succesen og musikbranchens absurditeter. Liv Brandt giver den 6/6 stjerner."
"https://www.aproposmagazine.com/articles/the-odyssey-anmeldelse","image-dimensions;empty-alt-review;h1-not-first-review","1","50","45","0","46","The Odyssey anmeldelse: Nolans mytiske epos","Christopher Nolans The Odyssey er storladen, krævende og fysisk tung. Læs vores anmeldelse af filmen og dens mytiske ambition."
"https://www.aproposmagazine.com/articles/the-streets-tinderbox","image-dimensions;empty-alt-review;h1-not-first-review","1","48","43","0","46","The Streets på Tinderbox: Anmeldelse","Mike Skinner skabte moshpits, ølgudstjeneste og ren eufori på Tinderbox. Læs anmeldelsen af årets mest undervurderede koncert her."
"https://www.aproposmagazine.com/articles/the-streets-tinderbox-2025-fra-piratmateriale-til-poetisk-comeback","image-dimensions;empty-alt-review;h1-not-first-review","1","46","41","0","46","The Streets (Tinderbox 2025): Fra piratmateriale til poetisk comeback","The Streets spiller på Tinderbox 2025. Vi dykker ned i Mike Skinners rejse fra debut til i dag og ser, hvorfor hans musik stadig rammer plet."
"https://www.aproposmagazine.com/articles/the-studio","image-dimensions;empty-alt-review;h1-not-first-review","1","48","43","0","46","The Studio – Seth Rogen og Hollywoods selverkendelse","Seth Rogen spiller hovedrollen i en serie, der med ironi og desperation stiller skarpt på et filmstudie i frit fald. Læs vores anmeldelse."
"https://www.aproposmagazine.com/articles/thomas-helmig-samlede-tinderbox-efter-stormen","image-dimensions;empty-alt-review;h1-not-first-review","1","49","44","0","46","Anmeldelse: Thomas Helmig på Tinderbox","Thomas Helmig samlede Tinderbox med hits, varme og fællessang efter en dag med storm, regn og aflyst Charlie Puth."
"https://www.aproposmagazine.com/articles/three-body-problem---nar-tyngdekraften-rammer-streamingkulturen","image-dimensions;empty-alt-review;h1-not-first-review","1","48","43","0","46","3 Body Problem anmeldelse: Sci-fi på Netflix","En visuelt imponerende sci-fi-serie med stor tænkning og tunge temaer. Three Body Problem balancerer fysik, filosofi og fremragende effekter. 4 ud af 5 stjerner."
"https://www.aproposmagazine.com/articles/tinderbox-2025","image-dimensions;empty-alt-review;h1-not-first-review","1","49","44","0","46","Tinderbox 2025 (Odense): Festen hvor alt kan ske","Oplev Tinderbox 2025 med Green Day, Kylie Minogue – og Danmarks eneste festival med en hel scene til elektronisk musik."
"https://www.aproposmagazine.com/articles/tinderbox-i-tusindarsskoven","image-dimensions;empty-alt-review;h1-not-first-review","1","49","44","0","49","Tinderbox 2026 anmeldelse: Festival i uvejr","Vores lørdag på Tinderbox bød på hede, storm og aflyst Charlie Puth — men også stærk festivalånd, god afvikling og fællesskab i skoven."
"https://www.aproposmagazine.com/articles/tobias-rahim---orange-scene-fik-den-store-mand-den-havde-ventet-pa","image-dimensions;empty-alt-review;h1-not-first-review","1","47","42","0","46","Tobias Rahim på Roskilde Festival 2026 anmeldelse","Tobias Rahim indtog Orange Scene med selvtillid, store sange og Birthe Kjær som gæst. En moden booking, der leverede ægte Orange Feeling."
"https://www.aproposmagazine.com/articles/todd-rundgren---amager-bio-4-november-2025","image-dimensions;empty-alt-review;h1-not-first-review","1","46","41","0","46","Todd Rundgren anmeldelse: Amager Bio","Todd Rundgren leverer et levende og legesygt show i Amager Bio. Læs koncertanmeldelsen og vurderingen af hans alsidige liveudtryk."
"https://www.aproposmagazine.com/articles/tomodachi-life-living-the-dream","image-dimensions;empty-alt-review;h1-not-first-review","1","48","43","0","46","Tomodachi Life: Living the Dream anmeldelse","Tomodachi Life: Living the Dream er en skæv og charmerende spilanmeldelse om socialt kaos, humor og akavede øjeblikke på Nintendo Switch."
"https://www.aproposmagazine.com/articles/torsdag-pa-roskilde-festival-2025-seks-navne-der-redder-en-lidt-tynd-dag","image-dimensions;empty-alt-review;h1-not-first-review","1","52","47","0","46","Torsdag på Roskilde Festival 2025: 6 navne der redder dagen","Det er ikke den stærkeste dag på Roskilde Festival, men vi har fundet seks artister du bør opleve torsdag den 3. juli – fra Stormzy til horsegiirL og FKA twigs."
"https://www.aproposmagazine.com/articles/torsdag-syd-for-solen-2026","image-dimensions;empty-alt-review;h1-not-first-review","1","48","43","0","46","Torsdag på Syd for Solen 2026 – festivalåbning","Glimmer, dragbingo og store omkvæd samlede Valbyparken, da Syd for Solen 2026 åbnede med en mangfoldig torsdag."
"https://www.aproposmagazine.com/articles/tremonti-i-store-vega-2025-en-guitarmand-star-ved-sit-kors","image-dimensions;empty-alt-review;h1-not-first-review","1","46","41","0","46","Tremonti i Store VEGA (2025): En guitarmand står ved sit kors","Tremonti leverede en intens, ærlig og teknisk præcis koncert i Store VEGA den 19. januar 2025. Læs anmeldelsen fra Apropos Magazine her – 5 ud af 5 stjerner."
"https://www.aproposmagazine.com/articles/tripolism-o-days-2026-anmeldelse","image-dimensions;empty-alt-review;h1-not-first-review","1","49","44","0","46","Tripolism på O Days 2026 anmeldelse","Tripolism leverede et tungt og melodisk set på O Days 2026 i Orangeriet. Læs vores anmeldelse og vurdering på 5/6 stjerner."
"https://www.aproposmagazine.com/articles/turboweekend-tinderbox-2026","image-dimensions;empty-alt-review;h1-not-first-review","1","48","43","0","46","Turboweekend (Tinderbox): Solidt, men ensformigt","Turboweekend leverede stærk lyd og energi på Tinderbox, men koncerten blev for ensformig til helt at løfte publikum."
"https://www.aproposmagazine.com/articles/tyler-the-creator-royal-arena-et-visuelt-vanvid-af-lyd-og-lys","image-dimensions;empty-alt-review;h1-not-first-review","1","47","42","0","46","Tyler, The Creator (Royal Arena): Et visuelt vanvid af lyd og lys","En koncert så gennemført og original, at Royal Arena føltes som en totalinstallation. Tyler, The Creator har aldrig været bedre."
"https://www.aproposmagazine.com/articles/untamed-netflix","image-dimensions;empty-alt-review;h1-not-first-review","1","48","43","0","46","Anmeldelse: Untamed (Netflix)","Netflix’ Untamed er en melankolsk og smuk slow burner, hvor Yosemite spiller hovedrollen, og Eric Bana drikker whisky mod sine traumer."
"https://www.aproposmagazine.com/articles/uro-wonderfestiwall-sol-energi-og-en-suspekt-overraskelse","image-dimensions;empty-alt-review;h1-not-first-review","1","47","42","0","46","Uro på Wonderfestiwall: anmeldelse med Suspekt-moment","Uro leverede en energisk koncert på Wonderfestiwall, løftet af nærvær og et overraskende Suspekt-øjeblik."
"https://www.aproposmagazine.com/articles/vi-elsker-rodovre-90er-nostalgi-politi-selfies-og-et-gearkasseshow-man-ikke-glemmer","image-dimensions;empty-alt-review;h1-not-first-review","1","47","42","0","46","Anmeldelse af Vi Elsker! Som en firmafest, bare med bedre lyd og færre hæmninger","Vi Elsker! er intens 90’er-nostalgi, gearkasseviolin, udklædningsfest på dit arbejde og Mel C i topform. Festivalsæsonen starter her – og du vil med."
"https://www.aproposmagazine.com/articles/we-love-green","image-dimensions;empty-alt-review;h1-not-first-review","1","54","49","0","46","We Love Green (Paris): Brat-pop, regn og rave-religion","Charli XCX, Gesaffelstein og grøn idealisme i skovkanten af Paris. Vi var til We Love Green – og det var både smukt, mudret og en smule fransk."
"https://www.aproposmagazine.com/articles/white-lies-tinderbox-2026","image-dimensions;empty-alt-review;h1-not-first-review","1","48","43","0","46","Anmeldelse af White Lies (Tinderbox 2026): Velspillet uden gnist","White Lies leverede en professionel koncert på Tinderbox, men manglede nærvær, spænding og den gnist, sangene krævede."
"https://www.aproposmagazine.com/articles/white-lotus-saeson-3---paradis-med-tomgang-i-sandet","image-dimensions;empty-alt-review;h1-not-first-review","1","48","43","0","46","White Lotus – Sæson 3 (Max): Smuk, men flad ferieoplevelse","Tredje sæson af White Lotus byder på flotte billeder, svedige drinks og eksotisk lyd, men savner den dramatiske dybde og kant, som gjorde de tidligere sæsoner uforglemmelige."
"https://www.aproposmagazine.com/articles/wolf-alice---orange-scene-var-et-pusterum-midt-i-festivalkaosset","image-dimensions;empty-alt-review;h1-not-first-review","1","46","41","0","46","Wolf Alice – Anmeldelse | Roskilde Festival 2026","Wolf Alice leverede en drømmende koncert på Orange Scene under Roskilde Festival 2026. Indie, støj og melankoli smeltede sammen til et af dagens fineste øjeblikke."
"https://www.aproposmagazine.com/articles/wonderfestiwall","image-dimensions;empty-alt-review;h1-not-first-review","1","52","47","0","46","Wonderfestiwall 2025: Guide til programmet","Læs Apropos’ guide til Wonderfestiwall 2025 – fra Anastacias popbrag til Medina, D-A-D, Lamin, Hugorm og Peter Sommers poetiske magi på Bornholm."
"https://www.aproposmagazine.com/articles/wonderfestiwall-anmeldelse-bornholms-unikke-festivaloplevelse","image-dimensions;empty-alt-review;h1-not-first-review","1","49","44","0","46","Wonderfestiwall 2025 anmeldelse: Bornholms festival med kant","Fra færgen til Hammershus: Wonderfestiwall viser, hvorfor Bornholm er Danmarks smukkeste festivaldestination."
"https://www.aproposmagazine.com/articles/wormrot-copenhell-eternal-sunshine-of-the-singaporean-grind","image-dimensions;empty-alt-review;h1-not-first-review","1","47","42","0","46","Wormrot på Copenhell: Anmeldelse","Wormrot fra Singapore leverede en brutal, flammende grindcore-massakre på Copenhell. Læs anmeldelsen!"
"https://www.aproposmagazine.com/articles/y-ou-ukeu-y-uk1mat-u---roskilde-festival-2026-arena","image-dimensions;empty-alt-review;h1-not-first-review","1","48","43","0","46","¥ØU$UK€ ¥UK1MAT$U – Anmeldelse | Roskilde 2026","Arena blev suget ind i ¥ØU$UK€ ¥UK1MAT$Us kaotiske univers under onsdagens lukkekoncert på Roskilde Festival."
"https://www.aproposmagazine.com/articles/young-miko-pa-roskilde-festival-2026","image-dimensions;empty-alt-review;h1-not-first-review","1","47","42","0","46","Young Miko anmeldelse: Roskilde Festival 2026","Young Miko leverer en energisk koncert på Roskilde Festival 2026, hvor rytme, bass og sceneudstråling bærer oplevelsen."
"https://www.aproposmagazine.com/author/casper-fiil","image-dimensions;empty-alt-review;h1-not-first-review","1","68","68","0","68","Apropos Magazine: Casper Fiil  – Anmelder & skribent","Apropos Magazine dækker musik, film, kultur og kaos med kant, karakter og kærlighed til det, der rører sig."
"https://www.aproposmagazine.com/author/eva-linde","image-dimensions;empty-alt-review;h1-not-first-review","1","32","32","0","32","Apropos Magazine: Eva Linde  – Freelance kulturskribent","Apropos Magazine dækker musik, film, kultur og kaos med kant, karakter og kærlighed til det, der rører sig."
"https://www.aproposmagazine.com/author/frederik-kragh","image-dimensions;empty-alt-review;h1-not-first-review","1","68","68","0","68","Apropos Magazine: Frederik Kragh  – Chefredaktør","Apropos Magazine dækker musik, film, kultur og kaos med kant, karakter og kærlighed til det, der rører sig."
"https://www.aproposmagazine.com/author/liv-brandt","image-dimensions;empty-alt-review;h1-not-first-review","1","68","68","0","68","Apropos Magazine: Liv Brandt  – Skribent og kulturkommentator","Apropos Magazine dækker musik, film, kultur og kaos med kant, karakter og kærlighed til det, der rører sig."
"https://www.aproposmagazine.com/author/mads-bulow","image-dimensions;empty-alt-review;h1-not-first-review","1","32","32","0","32","Apropos Magazine: Mads Bülow  – Skribent og spilkritiker","Apropos Magazine dækker musik, film, kultur og kaos med kant, karakter og kærlighed til det, der rører sig."
"https://www.aproposmagazine.com/author/marianne-kragh","image-dimensions;empty-alt-review;h1-not-first-review","1","68","68","0","68","Apropos Magazine: Marianne Kragh  – Kulturredaktør","Apropos Magazine dækker musik, film, kultur og kaos med kant, karakter og kærlighed til det, der rører sig."
"https://www.aproposmagazine.com/author/mathilde-sigshoj","image-dimensions;empty-alt-review;h1-not-first-review","1","44","44","0","44","Apropos Magazine: Mathilde Sigshøj  – Kulturskribent","Apropos Magazine dækker musik, film, kultur og kaos med kant, karakter og kærlighed til det, der rører sig."
"https://www.aproposmagazine.com/author/peter-milo","image-dimensions;empty-alt-review;h1-not-first-review","1","68","68","0","68","Apropos Magazine: Peter Milo  – Editor","Apropos Magazine dækker musik, film, kultur og kaos med kant, karakter og kærlighed til det, der rører sig."
"https://www.aproposmagazine.com/en","missing-h1;image-dimensions;empty-alt-review","0","130","130","0","124","Apropos Magazine - No noise. No ads. Just culture.","Apropos Magazine covers music, film, and culture — with edge, character, and a love for what moves us."
"https://www.aproposmagazine.com/en/articles/007-first-light-bond-with-pulse-and-polite-panic","image-dimensions;empty-alt-review;h1-not-first-review","1","49","44","0","46","007 First Light review: Bond with pulse and polish","IO Interactive’s 007 First Light reimagines Bond with humor, freedom and style, while still leaving room for a few rough edges."
"https://www.aproposmagazine.com/en/articles/28-years-later-the-zombie-trilogys-ambitious-philosophical-finale","image-dimensions;empty-alt-review;h1-not-first-review","1","48","43","0","46","28 Years Later Review: The Wildest Zombie Finale in 20 Years","The long-awaited third film in the zombie trilogy is darker, stranger and more beautiful than you think. Read the review of 28 Years Later."
"https://www.aproposmagazine.com/en/articles/adolescence","image-dimensions;empty-alt-review;h1-not-first-review","1","48","43","0","46","Review: Adolescence (Netflix) – Youth as nightmare","A dark, striking story of teenage confusion and social pressure. Adolescence on Netflix balances art film and nightmare."
"https://www.aproposmagazine.com/en/articles/africa-express-at-roskilde","image-dimensions;empty-alt-review;h1-not-first-review","1","47","42","0","46","Review: Africa Express at Roskilde","Africa Express at Roskilde 2025 with Damon Albarn blended global sounds and political energy in a pop-up festival atmosphere."
"https://www.aproposmagazine.com/en/articles/alien-earth","image-dimensions;empty-alt-review;h1-not-first-review","1","48","43","0","46","Review: Alien: Earth – dark sci-fi at its best","Review: Alien: Earth is a serious, atmospheric comeback to the Alien universe, with strong performances and solid tension."
"https://www.aproposmagazine.com/en/articles/alter-bridge-at-kb-hallen","image-dimensions;empty-alt-review;h1-not-first-review","1","46","41","0","46","Review: Alter Bridge at K.B. Hallen","Alter Bridge delivered pure, technical rock at K.B. Hallen with huge choruses and powerful solos."
"https://www.aproposmagazine.com/en/articles/anastasia-fills-the-stage-big-but-not-quite-us","image-dimensions;empty-alt-review;h1-not-first-review","1","47","42","0","46","Review: Anastasia at Wonderfestiwall 2025","Anastasia brought energy, hits and a surprising Guns N’ Roses cover to Wonderfestiwall 2025. Polished and nostalgic, but not quite moving."
"https://www.aproposmagazine.com/en/articles/andreas-odbjerg-at-royal-arena","image-dimensions;empty-alt-review;h1-not-first-review","1","46","41","0","46","Andreas Odbjerg at Royal Arena: Review","Andreas Odbjerg took over Royal Arena with a show balancing the intimate and the spectacular. A concert full of surprises, guests and musical ease."
"https://www.aproposmagazine.com/en/articles/anora-strip-club-love-and-consequences","image-dimensions;empty-alt-review;h1-not-first-review","1","48","43","0","46","Review: Anora – Strip Club, Love and Consequences","A moving, chaotic look at a stripper and a rich heir’s affair. Anora is gritty, fragile and full of startling tenderness."
"https://www.aproposmagazine.com/en/articles/another-brick-in-the-wall-part-5","image-dimensions;empty-alt-review;h1-not-first-review","1","48","43","0","46","Another Brick in the Wall Part 5: Review","Jesper Binzer shines as Pink at Royal Arena. Our review finds grandeur, pain, and five stars in this The Wall staging."
"https://www.aproposmagazine.com/en/articles/aphaca-live-at-vega-like-having-the-heart-chambers-opened-from-the-inside","image-dimensions;empty-alt-review;h1-not-first-review","1","46","41","0","46","Review: Aphaca (Live at Vega): The Concert We Needed","Aphaca shook Vega with roots, rock and moving singalongs. A concert that felt bigger than itself — and still lingers in the chest."
"https://www.aproposmagazine.com/en/articles/apropos-guide-wonderfestiwall-2025","image-dimensions;empty-alt-review;h1-not-first-review","1","52","47","0","46","Wonderfestiwall 2025: Your complete guide to Anastacia","Read Apropos’ guide to Wonderfestiwall 2025 — from Anastacia’s pop blast to Medina, D-A-D, Lamin, Hugorm and Peter Sommer’s poetic magic on Bornholm."
"https://www.aproposmagazine.com/en/articles/art-at-roskilde-festival-2026","image-dimensions;empty-alt-review;h1-not-first-review","1","48","43","0","46","Art at Roskilde Festival 2026","An essay on how art and graffiti shape the spirit of Roskilde Festival 2026 beyond the stages."
"https://www.aproposmagazine.com/en/articles/av-av-av-poolen","image-dimensions;empty-alt-review;h1-not-first-review","1","48","43","0","46","AV AV AV Review – The Last Concert at Poolen, Nov. 8","AV AV AV signed off with an electronic full stop at Poolen on Refshaleøen. Read the review of their last concert — magical, cool and uncompromising."
"https://www.aproposmagazine.com/en/articles/baby-reindeer","image-dimensions;empty-alt-review;h1-not-first-review","1","48","43","0","46","Review: Baby Reindeer (Netflix) – A Shocking Series","Our review of Baby Reindeer, one of the year’s most unsettling and important series — a Netflix story that lingers long after the finale."
"https://www.aproposmagazine.com/en/articles/beabadoobee-on-orange-stage","image-dimensions;empty-alt-review;h1-not-first-review","1","47","42","0","46","Review: Beabadoobee concert at Roskilde 2025: Cherry trees","Beabadoobee’s intimate Orange Stage set at Roskilde Festival 2025: calm, honest indie pop for the devoted."
"https://www.aproposmagazine.com/en/articles/benjamin-hav-familien-at-wonderfestiwall-2026","image-dimensions;empty-alt-review;h1-not-first-review","1","49","44","0","46","Review: Benjamin Hav & Familien Wonderfestiwall 2026","Wonderfestiwall got its people’s party, but for the reviewer Benjamin Hav & Familien was a nightmare with a disco ball."
"https://www.aproposmagazine.com/en/articles/benny-jamz-x-danish-entertainment-orchestra","image-dimensions;empty-alt-review;h1-not-first-review","1","46","41","0","46","Review: Benny Jamz and Danish Entertainment Orchestra","A powerful meeting of grime and classical music. Benny Jamz’s collaboration with the Danish Entertainment Orchestra surprises in the best way."
"https://www.aproposmagazine.com/en/articles/bicep-present-chroma-o-days-2025","image-dimensions;empty-alt-review;h1-not-first-review","1","47","42","0","46","Review: Bicep bring CHROMA to O Days","Bicep bring CHROMA to O Days 2025 — a hypnotic AV show where club culture, art and emotion merge on Refshaleøen."
"https://www.aproposmagazine.com/en/articles/billie-eilish-at-royal-arena","image-dimensions;empty-alt-review;h1-not-first-review","1","46","41","0","46","Billie Eilish at Royal Arena: Review","Experience Billie Eilish live at Royal Arena, Copenhagen. An intense concert with hits like Bad Guy, Bury a Friend and Everything I Wanted."
"https://www.aproposmagazine.com/en/articles/black-bag","image-dimensions;empty-alt-review;h1-not-first-review","1","48","43","0","46","Review: Black Bag (2025) – Fassbender and Blanchett","Our review of Steven Soderbergh’s spy thriller Black Bag with Michael Fassbender and Cate Blanchett. Intense, sharp, and well acted."
"https://www.aproposmagazine.com/en/articles/black-mirror-season-7-netflix-ai-exes-digital-madness-and-the-wildest-opener-in-years","image-dimensions;empty-alt-review;h1-not-first-review","1","47","42","0","46","Black Mirror Season 7 (Netflix): AI exes, digital madness","Forget relaxing with your streaming. Black Mirror Season 7 lands like a tech-dystopian gut punch, from AI exes to deepfake deadlines."
"https://www.aproposmagazine.com/en/articles/bullet-for-my-valentine-copenhell-cringe-metal-with-stadium-attitude","image-dimensions;empty-alt-review;h1-not-first-review","1","47","42","0","46","Review: Bullet For My Valentine (Copenhell)","Bullet For My Valentine brought pyrotechnics and big hooks to Copenhell, but it mostly felt like cosplay of real metal."
"https://www.aproposmagazine.com/en/articles/captain-america-brave-new-world","image-dimensions;empty-alt-review;h1-not-first-review","1","48","43","0","46","Captain America: Brave New World - 1 star","Marvel tries to reinvent patriotism, but ends up going nowhere. Brave New World is slick, but predictable — read our review."
"https://www.aproposmagazine.com/en/articles/carl-knast-at-den-gra-hal","image-dimensions;empty-alt-review;h1-not-first-review","1","49","44","0","46","Review: Carl Knast at Den Grå Hal 2026","Carl Knast turned Den Grå Hal into a filthy street party with chaos, pan flute, Irina The Diva Olsen, guests and a speechless crowd."
"https://www.aproposmagazine.com/en/articles/charli-xcx-i-got-party-thrown-in-the-face","image-dimensions;empty-alt-review;h1-not-first-review","1","47","42","0","46","Charli XCX at Orange: Brat Manifesto in Rain and Bass","From Vroom Vroom to Von Dutch, Charli XCX delivered a show that hit like lightning in the mud. 5/6 stars."
"https://www.aproposmagazine.com/en/articles/clipse-at-roskilde-festival-2026","image-dimensions;empty-alt-review;h1-not-first-review","1","47","42","0","46","Review: Clipse at Roskilde - Coke Rap on Repeat","Clipse had the story, the weight and Orange Scene. But the concert was too monotonous to truly take off."
"https://www.aproposmagazine.com/en/articles/copenhagen-contemporary","image-dimensions;empty-alt-review;h1-not-first-review","1","48","43","0","46","Copenhagen Contemporary – Art or just content?","A review of an exhibition balancing visual excess and intellectual emptiness. Is it real art — or just pretty?"
"https://www.aproposmagazine.com/en/articles/copenhell-2026-the-big-apropos-guide","image-dimensions;empty-alt-review;h1-not-first-review","1","46","41","0","46","Copenhell 2026: Guide to the Lineup on Refshaleøen","Apropos guides you through Copenhell 2026 with Iron Maiden, Bring Me The Horizon, Twisted Sister, Volbeat and all the weirdness in between."
"https://www.aproposmagazine.com/en/articles/copenhell-2026-wednesday","image-dimensions;empty-alt-review;h1-not-first-review","1","46","41","0","46","Copenhell 2026 Wednesday review","A positive review of Copenhell’s Wednesday opening day, with highlights from Dogma, Tom Morello and Six Feet Under."
"https://www.aproposmagazine.com/en/articles/copenhell-friday-were-not-gonna-take-it","image-dimensions;empty-alt-review;h1-not-first-review","1","46","41","0","46","Copenhell 2026 Friday review: Trivium. 15 years in hell","Friday at Copenhell 2026 brought Trivium in top form, a collapsed anniversary show, and a festival balancing chaos and highlights."
"https://www.aproposmagazine.com/en/articles/copenhell-thursday-ai-dystopia-kilts-and-the-worlds-longest-guitar-solo","image-dimensions;empty-alt-review;h1-not-first-review","1","46","41","0","46","Bring Me The Horizon Copenhell 2026 review","BMTH at Copenhell 2026: AI visuals, church aesthetics and stadium metal splitting the crowd between wow and boyband with distortion."
"https://www.aproposmagazine.com/en/articles/cradle-of-filth-well-formulated-grotesque-aesthetic-madness","image-dimensions;empty-alt-review;h1-not-first-review","1","46","41","0","46","Cradle of Filth in Copenhagen: Review","Dani Filth and Cradle of Filth delivered a dark, intense night in Copenhagen with grotesque humor and support bands ranging from nu-metal to deathcore."
"https://www.aproposmagazine.com/en/articles/crosses-chaos-and-justice-at-o-days-festival","image-dimensions;empty-alt-review;h1-not-first-review","1","46","41","0","46","Review: Justice at O Days Festival","Justice at O Days Festival: They broke through with bass and blasphemy. Now they’re back to prove they’re still divine live."
"https://www.aproposmagazine.com/en/articles/d-a-d-at-forum","image-dimensions;empty-alt-review;h1-not-first-review","1","46","41","0","46","Review: D-A-D at Forum","D-A-D played Forum Black Box on 31 January 2025. Classics, a rough-edged frontman and a surprise boost from Baest."
"https://www.aproposmagazine.com/en/articles/danish-coffee-festival-2026","image-dimensions;empty-alt-review;h1-not-first-review","1","46","41","0","46","Review: Danish Coffee Festival","A trade fair dressed up as a festival — and the coffee could have been hotter."
"https://www.aproposmagazine.com/en/articles/david-byrne-at-roskilde-festival-2026","image-dimensions;empty-alt-review;h1-not-first-review","1","46","41","0","46","David Byrne – Review | Roskilde Festival 2026","David Byrne delivered a six-star concert at Arena during Roskilde Festival 2026, with a choreographed orchestra, Talking Heads classics, and a unified"
"https://www.aproposmagazine.com/en/articles/deathloop","image-dimensions;empty-alt-review;h1-not-first-review","1","47","42","0","46","Review: Deathloop (PlayStation)","Deathloop review: existential time-loop philosophy in Arkane Studios’ masterpiece."
"https://www.aproposmagazine.com/en/articles/disclosure-at-o-days-2026","image-dimensions;empty-alt-review;h1-not-first-review","1","49","44","0","46","Review: Disclosure at O Days 2026","Disclosure closed O Days 2026 with a playful, technically superb DJ set on the Omni stage. Read our review. 5/6 stars."
"https://www.aproposmagazine.com/en/articles/electric-callboy-at-roskilde-festival-2025","image-dimensions;empty-alt-review;h1-not-first-review","1","47","42","0","46","Electric Callboy at Roskilde: Review","Electric Callboy at Roskilde 2025 delivered a hyped but awkward show. A genre mash-up that never quite found its place."
"https://www.aproposmagazine.com/en/articles/emma-sehested-hoeg-at-dr-koncerthuset","image-dimensions;empty-alt-review;h1-not-first-review","1","46","41","0","46","Review: Emma Sehested Høeg – A Solo Explosion","An intense, funny night with Emma Sehested Høeg, mixing comedy, dance and drama in a sharp one-woman show."
"https://www.aproposmagazine.com/en/articles/ericka-jane-at-syd-for-solen-2026-review","image-dimensions;empty-alt-review;h1-not-first-review","1","48","43","0","46","Review: Ericka Jane at Syd for Solen 2026","Ericka Jane brought angel wings, balloons and Y2K pop, but at Syd for Solen the party remained a promise."
"https://www.aproposmagazine.com/en/articles/festegnen-2026-rodovre","image-dimensions;empty-alt-review;h1-not-first-review","1","51","46","0","46","Festegnen 2026 (Rødovre): Review of Vestegnen’s big party","Festegnen goes big with nostalgia, party energy and strong logistics — but stumbles when the town fair moves onto the festival grounds."
"https://www.aproposmagazine.com/en/articles/first-days-at-roskilde-the-best-concerts-to-catch-before-it-all-blows-up","image-dimensions;empty-alt-review;h1-not-first-review","1","52","47","0","46","First Days at Roskilde Festival 2025: 8 new names","Roskilde Festival’s first days are packed with new music and strong live shows. Here are 8 rising names you shouldn’t miss."
"https://www.aproposmagazine.com/en/articles/friday-at-roskilde-your-survival-guide-to-roskildes-wildest-day","image-dimensions;empty-alt-review;h1-not-first-review","1","53","48","0","46","Friday at Roskilde Festival 2025: Biggest Names and Wildest","Saint Levant has something to prove, Olivia Rodrigo has to save Orange, and Electric Callboy are set to wreck the party at Roskilde."
"https://www.aproposmagazine.com/en/articles/ghost-of-yotei","image-dimensions;empty-alt-review;h1-not-first-review","1","48","43","0","46","Review: Ghost of Yōtei (PS5): Revenge disguised as","A samurai adventure so beautiful you forget you’re avenging your family. Brutal, poetic and unexpectedly calm."
"https://www.aproposmagazine.com/en/articles/gloryhammer-copenhell-knight-metal-with-plastic-swords-and-kids-show-energy","image-dimensions;empty-alt-review;h1-not-first-review","1","47","42","0","46","Review: Gloryhammer (Copenhell): Knight metal with plastic","Gloryhammer brought a silly fantasy concert to Copenhell, but it never really became fun — just weird. Read our honest review here."
"https://www.aproposmagazine.com/en/articles/go-jo-at-lille-vega","image-dimensions;empty-alt-review;h1-not-first-review","1","47","42","0","47","Review: Go-Jo at Lille Vega","A concert between kitsch and affection: Go-Jo turned Lille Vega into a viral pop universe full of charm, silliness and vulnerability."
"https://www.aproposmagazine.com/en/articles/gorillaz-at-roskilde-festival-2026","image-dimensions;empty-alt-review;h1-not-first-review","1","47","42","0","46","Gorillaz – Review | Roskilde Festival 2026","Damon Albarn and Gorillaz returned to Roskilde Festival, but the concert was more confusing than enchanting."
"https://www.aproposmagazine.com/en/articles/green-day-tinderbox-2025-a-punch-from-the-past-that-still-lands-hard","image-dimensions;empty-alt-review;h1-not-first-review","1","46","41","0","46","Review: Green Day at Tinderbox 2025","Green Day at Tinderbox reminded us why they still matter. A concert full of nostalgia, energy and eerie relevance."
"https://www.aproposmagazine.com/en/articles/guide-to-wonderfestiwall-2026","image-dimensions;empty-alt-review;h1-not-first-review","1","49","44","0","44","Wonderfestiwall 2026 guide: What to hear","Our guide to Wonderfestiwall 2026 on Bornholm: day by day with Kesi, The Cardigans, Saveus, Infernal and the festival’s best view."
"https://www.aproposmagazine.com/en/articles/guldimund-at-roskilde-festival-2026","image-dimensions;empty-alt-review;h1-not-first-review","1","47","42","0","46","Review: Guldimund at Roskilde 2026","Guldimund made Arena intimate in pouring rain with songs about family, relationships and everything we don’t say in time."
"https://www.aproposmagazine.com/en/articles/guldimund-heartland-at-noma","image-dimensions;empty-alt-review;h1-not-first-review","1","48","43","0","46","Review: Guldimund live at Heartland at Noma","Guldimund delivered one of the greatest concert experiences of our lives — inside a pretentious frame. Read our full review."
"https://www.aproposmagazine.com/en/articles/havoc-netflix-review","image-dimensions;empty-alt-review;h1-not-first-review","1","47","42","0","46","Havoc (Netflix) Review: Tom Hardy and Bruce Willis","Read our review of Havoc on Netflix, where Tom Hardy battles through over-the-top splatter with no charm. Great cast, terrible material."
"https://www.aproposmagazine.com/en/articles/highest-2-lowest-apple-tv","image-dimensions;empty-alt-review;h1-not-first-review","1","48","43","0","46","Review: Highest 2 Lowest (Apple TV+)","Review of Highest 2 Lowest (Apple TV+). Spike Lee returns with Denzel Washington and A$AP Rocky — but lands somewhere between 8 Mile and Empire."
"https://www.aproposmagazine.com/en/articles/holdo-ideal-bar","image-dimensions;empty-alt-review;h1-not-first-review","1","48","43","0","46","Review: Holdo - Ideal Bar 2026","Holdo turned Ideal Bar into a sweaty, dark, inclusive party. A concert that didn’t shout — but stayed in the body. 5/6 stars."
"https://www.aproposmagazine.com/en/articles/hugorm-tinderbox-kvamm-dances-but-the-songs-drag","image-dimensions;empty-alt-review;h1-not-first-review","1","46","41","0","46","Review: Hugorm (Tinderbox) 2025","Simon Kvamm throws everything on stage — fire, dancers, satire, eye contact — and forgets to play a concert along the way."
"https://www.aproposmagazine.com/en/articles/infernal-at-wonderfestiwall-2026","image-dimensions;empty-alt-review;h1-not-first-review","1","48","43","0","46","Review: Infernal (Wonderfestiwall 2026)","Can you still be surprised by an act you’ve watched for three decades? Apparently yes."
"https://www.aproposmagazine.com/en/articles/is-tiktok-the-new-literary-avant-garde","image-dimensions;empty-alt-review;h1-not-first-review","1","47","42","0","46","Is TikTok the new literary avant-garde?","TikTok poetry, BookTok and writing communities: is TikTok becoming the most honest literary space in 2025?"
"https://www.aproposmagazine.com/en/articles/jess-glynne-tinderbox","image-dimensions;empty-alt-review;h1-not-first-review","1","48","43","0","46","Jess Glynne (Tinderbox): Hits Without Presence","Jess Glynne had the hits and the voice, but her Tinderbox concert never found the presence or flow after the storm."
"https://www.aproposmagazine.com/en/articles/john-martin-festegnen-2026","image-dimensions;empty-alt-review;h1-not-first-review","1","49","44","0","46","John Martin at Festegnen: Review","John Martin lifted Festegnen with EDM nostalgia, a powerful voice, and Swedish House Mafia anthems that still hit right in the chest."
"https://www.aproposmagazine.com/en/articles/justice-o-days-festival-total-release-in-mud-and-bass-drops","image-dimensions;empty-alt-review;h1-not-first-review","1","47","42","0","46","Review: Justice at O Days Festival","Justice turned O Days into a techno temple with remixed classics and total release. A night that saved Saturday."
"https://www.aproposmagazine.com/en/articles/kalaset-review","image-dimensions;empty-alt-review;h1-not-first-review","1","47","42","0","46","Kalaset Review (Falkonersalen, Nov. 20, 2025)","Kalaset deliver an energetic, emotional and polished extra concert at Falkonersalen. 5 out of 6 stars."
"https://www.aproposmagazine.com/en/articles/kenny-big-production-no-direction","image-dimensions;empty-alt-review;h1-not-first-review","1","47","42","0","46","Review: Kenny on Orange Scene - visually striking","Kenny delivered an energetic, visually strong Orange Scene show, but its message and purpose remained unclear despite strong elements and features."
"https://www.aproposmagazine.com/en/articles/kesi-at-royal-arena-the-king-of-danish-rap-gathered-the-court","image-dimensions;empty-alt-review;h1-not-first-review","1","47","42","0","46","Review: Kesi at Royal Arena (2025): A Crown for Danish Rap","Kesi brought Danish hip-hop together at Royal Arena with guests like Gilli, Hans Philip and Benny Jamz. A grand night celebrating community and career."
"https://www.aproposmagazine.com/en/articles/kpop-demon-hunters","image-dimensions;empty-alt-review;h1-not-first-review","1","47","42","0","46","Review: KPop Demon Hunters (Netflix)","A K-pop anime musical about demons, glitter and self-discovery. It sounds wild — but KPop Demon Hunters is this year’s biggest surprise."
"https://www.aproposmagazine.com/en/articles/kurt-vile-the-violators-at-vega-the-slackers-golden-age","image-dimensions;empty-alt-review;h1-not-first-review","1","48","43","0","46","Review: Kurt Vile at Vega: crooked guitar and dusty ease","Kurt Vile & The Violators took over Vega with crooked guitar, weight and dusty ease. Five stars for a concert that grew quietly."
"https://www.aproposmagazine.com/en/articles/latto-at-tinderbox-well-then-we-left","image-dimensions;empty-alt-review;h1-not-first-review","1","46","41","0","46","Review: Latto never showed up at Tinderbox","No Latto. No DJ. Just an empty stage and a confused crowd at Tinderbox. Why didn’t she show?"
"https://www.aproposmagazine.com/en/articles/lenny-kravitz-at-royal-arena","image-dimensions;empty-alt-review;h1-not-first-review","1","46","41","0","46","Review: Lenny Kravitz at Royal Arena","Lenny Kravitz delivers a concert balancing charm and routine. We caught him at Royal Arena and took the pulse of his funky ’90s comeback."
"https://www.aproposmagazine.com/en/articles/limp-bizkit-royal-arena","image-dimensions;empty-alt-review;h1-not-first-review","1","46","41","0","46","Review: Limp Bizkit (Royal Arena 2025)","Limp Bizkit hit Royal Arena on 20 March 2025 with pink shorts, flat vocals and big millennium-era nostalgia. Read the review."
"https://www.aproposmagazine.com/en/articles/little-simz-at-roskilde-festival-2026","image-dimensions;empty-alt-review;h1-not-first-review","1","48","43","0","46","Review: Little Simz at Roskilde Festival 2026","Review of Little Simz’s Roskilde Festival 2026 concert, where Orange Scene and the crowd lift a rainy festival day."
"https://www.aproposmagazine.com/en/articles/live-but-recorded-the-collapse-of-concert-culture","image-dimensions;empty-alt-review;h1-not-first-review","1","47","42","0","46","Live, but Recorded – Concert Culture in Crisis","What happens when concerts are wrapped in cameras and content? Is it still live if we all film?"
"https://www.aproposmagazine.com/en/articles/lorde-at-royal-arena","image-dimensions;empty-alt-review;h1-not-first-review","1","47","42","0","46","Lorde at Royal Arena: Review","Lorde delivered her first Danish headline show with an ultra-sharp, choreographed and emotionally charged concert universe. A rarely complete pop night."
"https://www.aproposmagazine.com/en/articles/magicbox-at-tinderbox-a-festival-within-the-festival","image-dimensions;empty-alt-review;h1-not-first-review","1","47","42","0","46","Review: MagicBox at Tinderbox — the EDM stage that stole the","A forest of fire, stomping and drones. MagicBox feels like Tomorrowland with a Funen accent."
"https://www.aproposmagazine.com/en/articles/magicbox-tinderbox-your-ultimate-guide-to-the-party","image-dimensions;empty-alt-review;h1-not-first-review","1","46","41","0","46","MagicBox (Tinderbox): 5 DJs to Hear — and 1 to Avoid","Tinderbox’s MagicBox serves up techno, afrohouse and open-air euphoria. But one name stands out — for all the wrong reasons."
"https://www.aproposmagazine.com/en/articles/malk-de-koijn-at-roskilde-festival-2026","image-dimensions;empty-alt-review;h1-not-first-review","1","48","43","0","46","Malk de Koijn – Review | Roskilde Festival 2026","Malk de Koijn defied the rain on Orange Stage with wordplay, costume changes and a concert that felt like a resurrection."
"https://www.aproposmagazine.com/en/articles/mario-tennis-before-the-first-serve","image-dimensions;empty-alt-review;h1-not-first-review","1","50","45","0","46","Mario Tennis: Review before 12 February release","A primer on Mario Tennis ahead of its 12 February release. 38 characters, new rackets and classic Nintendo chaos on court."
"https://www.aproposmagazine.com/en/articles/medina-at-syd-for-solen-2026","image-dimensions;empty-alt-review;h1-not-first-review","1","48","43","0","46","Medina at Syd for Solen 2026 – Review","Medina brought generations and festival types together in Valbyparken for a shared, hoarse folk celebration at Syd for Solen 2026."
"https://www.aproposmagazine.com/en/articles/mel-c-at-wonderfestiwall-nostalgia-won","image-dimensions;empty-alt-review;h1-not-first-review","1","49","44","0","46","Review: Mel C at Wonderfestiwall 2026","Mel C brings voice and professionalism to Wonderfestiwall 2026, but the concert lacks energy and a big nostalgic payoff."
"https://www.aproposmagazine.com/en/articles/metroid-prime-4-beyond-review","image-dimensions;empty-alt-review;h1-not-first-review","1","47","42","0","46","Metroid Prime 4: Beyond Review","A slow, uncompromising Nintendo comeback. Metroid Prime 4 trusts silence, structure, and patience — and wins because of it."
"https://www.aproposmagazine.com/en/articles/mew-at-royal-arena-farewell-to-the-future-a-full-stop-with-stardust-after-30-years","image-dimensions;empty-alt-review;h1-not-first-review","1","47","42","0","46","Mew (Royal Arena): Farewell to the Future with feeling","Mew said goodbye at Royal Arena with tears, thanks, and huge sound. A night where eras ended and feelings filled the room."
"https://www.aproposmagazine.com/en/articles/mew-the-war-on-drugs","image-dimensions;empty-alt-review;h1-not-first-review","1","46","41","0","46","Mew & The War on Drugs: Concert Review","Mew and The War on Drugs in Lunden, Horsens — an evening of perfection, melancholy and music. Read Apropos’ review here (6/6 stars)."
"https://www.aproposmagazine.com/en/articles/mille-at-roskilde-festival-2026","image-dimensions;empty-alt-review;h1-not-first-review","1","48","43","0","46","Mille at Roskilde Festival 2026: Review","Mille delivers a confident concert on Arena, with Annika and URO lifting a largely positive review from Roskilde Festival 2026."
"https://www.aproposmagazine.com/en/articles/mission-impossible-the-final-reckoning-cruise-runs-and-we-keep-up","image-dimensions;empty-alt-review;h1-not-first-review","1","47","42","0","46","Review: Mission: Impossible – The Final Reckoning","Mission: Impossible – The Final Reckoning: Cruise runs hard, but the film lags a little behind"
"https://www.aproposmagazine.com/en/articles/mnemic-copenhell-back-with-confidence-and-sweat-on-their-brow","image-dimensions;empty-alt-review;h1-not-first-review","1","47","42","0","46","Review: Mnemic (Copenhell) with weight and credibility","Mnemic return to Copenhell without show-off, but with confidence, sharp riffs and a frontman upgrade that lands perfectly."
"https://www.aproposmagazine.com/en/articles/mo-operaen-at-christiania","image-dimensions;empty-alt-review;h1-not-first-review","1","46","41","0","46","MØ live – Review of an artist in constant change","MØ balances punk and pop with impressive stage presence. We review her concert and explore the golden middle."
"https://www.aproposmagazine.com/en/articles/mortal-kombat-2-a-nostalgic-dud","image-dimensions;empty-alt-review;h1-not-first-review","1","49","44","0","46","Review: Mortal Kombat 2 (HBO Max) — Blood, Roars and Dead","Mortal Kombat has always lived off a single, almost childlike promise: that violence can be choreographed with style and self-irony."
"https://www.aproposmagazine.com/en/articles/music-in-gentofte-2026-sun-songs-and-a-few-bumps-in-the-road","image-dimensions;empty-alt-review;h1-not-first-review","1","50","45","0","46","Music in Gentofte 2026 review: sun, songs and rain","Review of Music in Gentofte 2026: sunshine, a rain-soaked party with Gilli and a crowd that sang Rasmus Seebach home — the festival’s highs and lows."
"https://www.aproposmagazine.com/en/articles/nak-aed-dr-farewell-to-an-iconic-tv-adventure","image-dimensions;empty-alt-review;h1-not-first-review","1","47","42","0","46","Review: Nak & Æd – Farewell to an Iconic TV Adventure","After 16 seasons, Nak & Æd says goodbye. A raw, honest and beloved TV format that shaped Danish nature television."
"https://www.aproposmagazine.com/en/articles/napalm-death-at-roskilde-festival-2026","image-dimensions;empty-alt-review;h1-not-first-review","1","46","41","0","46","Review: Napalm Death at Roskilde Festival 2026","Read the review of Napalm Death at Roskilde Festival 2026 and their Eos set, where brutality and warmth meet."
"https://www.aproposmagazine.com/en/articles/nia-archives-at-o-days-2026-review","image-dimensions;empty-alt-review;h1-not-first-review","1","48","43","0","44","Review: Nia Archives at O Days 2026","Nia Archives delivered one of O Days 2026’s highlights with a new album, live vocals and explosive jungle on the Omni stage. 5/6 stars."
"https://www.aproposmagazine.com/en/articles/nine-inch-nails-delivered-an-intense-and-unforgettable-concert-experience-at-roskilde-festival-2025","image-dimensions;empty-alt-review;h1-not-first-review","1","47","42","0","46","Review: Nine Inch Nails (Roskilde Festival 2025)","Read our review of Nine Inch Nails’ intense Roskilde Festival 2025 concert, from Reznor’s presence to the Bowie cover and “Hurt.”"
"https://www.aproposmagazine.com/en/articles/nordic-race-2025-refshaleoen","image-dimensions;empty-alt-review;h1-not-first-review","1","47","42","0","46","Review: Nordic Race (Refshaleøen)","Nordic Race on Refshaleøen: 18 obstacles, sweat, laughter and the bracelet of shame. Brutal, fun and surprisingly inclusive."
"https://www.aproposmagazine.com/en/articles/nordic-race-reffen-mud-pain-and-ocd-that-wont-help","image-dimensions;empty-alt-review;h1-not-first-review","1","46","41","0","46","Nordic Race 2025 at Reffen: Mud, pain and beginner fun","We’re looking forward to Nordic Race at Reffen: mud, ropes and possible humiliation. An intense experience with the crowd close by."
"https://www.aproposmagazine.com/en/articles/now-you-see-me-3-now-you-dont","image-dimensions;empty-alt-review;h1-not-first-review","1","48","43","0","46","Review: Now You See Me 3 – Now You Don't","Nine years later, The Horsemen are back. Now You See Me 3 is a charming, energetic comeback full of tricks, pace and surprising chemistry."
"https://www.aproposmagazine.com/en/articles/o-days-2026-guide","image-dimensions;empty-alt-review;h1-not-first-review","1","46","41","0","46","O Days 2026 guide: What to see on Refshaleøen this year?","Disclosure, Joy Orbison, Nia Archives and Mall Grab make O Days 2026 this year’s sharpest lineup on Refshaleøen. Here are the names to see."
"https://www.aproposmagazine.com/en/articles/o-days-a-guide-for-anyone-done-with-roskilde-dust-and-tiktok-hits","image-dimensions;empty-alt-review;h1-not-first-review","1","46","41","0","46","Review: O Days Festival 2025 in Copenhagen","Discover O Days 2025 — Copenhagen’s most curated music festival, with Justice, Honey Dijon and Bicep on Refshaleøen."
"https://www.aproposmagazine.com/en/articles/oehavet-festival-2026-community-music-and-maritime-high-school-spirit","image-dimensions;empty-alt-review;h1-not-first-review","1","48","43","0","46","Review: Øhavet Festival 2026 in Marstal","Øhavet Festival is a special experience, built on local energy, community and a feeling that is both solidaristic and trust-based."
"https://www.aproposmagazine.com/en/articles/olivia-rodrigo-roskilde-festival-2025","image-dimensions;empty-alt-review;h1-not-first-review","1","46","41","0","46","Review: Olivia Rodrigo at Roskilde 2025 – strong concert","Olivia Rodrigo delivered a beautiful, emotional concert on Orange Stage — but it never quite became magical."
"https://www.aproposmagazine.com/en/articles/onerepublic-royal-arena","image-dimensions;empty-alt-review;h1-not-first-review","1","47","42","0","46","Review: OneRepublic at Royal Arena","Ryan Tedder and OneRepublic filled Royal Arena with hits, confetti and charm — plus a little chaos. An entertaining night with one gear missing live."
"https://www.aproposmagazine.com/en/articles/outlander-netflix-season-7","image-dimensions;empty-alt-review;h1-not-first-review","1","47","42","0","46","Outlander Season 7 Review: Scottish Fog","In Outlander’s seventh season, the drama unfolds with revolution and romance. A grand series that refuses to play small — Apropos Magazine reviews."
"https://www.aproposmagazine.com/en/articles/p3s-drag-bingo-at-syd-for-solen-2026-thursdays-biggest-bitch","image-dimensions;empty-alt-review;h1-not-first-review","1","49","44","0","46","Review: P3’s Drag Bingo at Syd for Solen 2026","P3’s drag bingo was Thursday’s funniest surprise at Syd for Solen: twerking, singalongs and a whole field without dignity."
"https://www.aproposmagazine.com/en/articles/paradise-the-price-of-perfection-on-disney-plus","image-dimensions;empty-alt-review;h1-not-first-review","1","48","43","0","46","Review: Paradise - The Price of Perfection","Paradise on Disney+ is a dark, elegant thriller about power, trust and illusion — and it leaves you breathless after the credits."
"https://www.aproposmagazine.com/en/articles/path-of-exile-2-beta-0-3-0","image-dimensions;empty-alt-review;h1-not-first-review","1","47","42","0","46","Review: Path of Exile 2 (Beta 0.3.0)","PoE2’s 0.3.0 update turns chaos into fun. See why even casual gamers can feel like legends in Wraeclast."
"https://www.aproposmagazine.com/en/articles/post-malone-at-royal-arena","image-dimensions;empty-alt-review;h1-not-first-review","1","46","41","0","46","Review: Post Malone at Royal Arena 2023","Post Malone brought charm, hits, and overproduction to Royal Arena in a concert caught between intimacy and stadium spectacle."
"https://www.aproposmagazine.com/en/articles/reacher-season-3","image-dimensions;empty-alt-review;h1-not-first-review","1","48","43","0","46","Review: Reacher Season 3 (Prime Video)","Reacher season 3 is brutal and entertaining. Simple plot, loud violence and testosterone-fuelled lines — perfect for scrolling and popcorn."
"https://www.aproposmagazine.com/en/articles/review-astro-bot","image-dimensions;empty-alt-review;h1-not-first-review","1","47","42","0","46","Review: Astro Bot (PS5) — Father, Son, Robot","A PlayStation adventure so moving and fun it feels like therapy. Astro Bot blends gaming, childhood, and family joy."
"https://www.aproposmagazine.com/en/articles/review-farveblind-micro-pleasures","image-dimensions;empty-alt-review;h1-not-first-review","1","46","41","0","46","Review: Farveblind - Micro Pleasures","Farveblind debut with an explosive album where rave, punk, techno and pop fuse into Danish music of international class."
"https://www.aproposmagazine.com/en/articles/review-jason-derulo-last-dance-tour","image-dimensions;empty-alt-review;h1-not-first-review","1","46","41","0","46","Review: Jason Derulo – Last Dance Tour","Jason Derulo turns Royal Arena into a pop circus of fire, dance and hits on the Last Dance Tour. Apropos reviews the show – 4/6 stars."
"https://www.aproposmagazine.com/en/articles/review-of-copenhell-2026-saturday","image-dimensions;empty-alt-review;h1-not-first-review","1","46","41","0","46","Review: Copenhell 2026 Saturday","Review of Copenhell’s Saturday with Volbeat, Social Distortion and Katla, plus a reflection on the festival’s identity."
"https://www.aproposmagazine.com/en/articles/review-stranger-things-season-5","image-dimensions;empty-alt-review;h1-not-first-review","1","48","43","0","46","Review: Stranger Things 5 - A Noisy Finale","Review of Stranger Things season 5: A grand, nostalgic finale that dazzles visually but stumbles under too many plots and ambitions."
"https://www.aproposmagazine.com/en/articles/review-the-good-mood","image-dimensions;empty-alt-review;h1-not-first-review","1","47","42","0","46","Review: The Good Mood (TV2 Play)","The Good Mood is an intense Danish family drama with Iben Hjejle and Pilou Asbæk. A moving series about sibling bonds, addiction and the unsaid."
"https://www.aproposmagazine.com/en/articles/review-war-machine-netflix","image-dimensions;empty-alt-review;h1-not-first-review","1","48","43","0","46","Review: War Machine (Netflix)","Review of War Machine on Netflix. Alan Ritchson faces a 30-meter killer robot in a new action film."
"https://www.aproposmagazine.com/en/articles/riff-raff-clickbait-disguised-as-cinema","image-dimensions;empty-alt-review;h1-not-first-review","1","48","43","0","46","Review: Riff Raff – Clickbait in film form","A review of Riff Raff, where clickbait aesthetics meet lofty ambitions. We dig into what hides behind the hype."
"https://www.aproposmagazine.com/en/articles/ripley","image-dimensions;empty-alt-review;h1-not-first-review","1","47","42","0","46","Review: Ripley (Netflix) – A noir masterpiece","Netflix’s Ripley is elegant, dark and wildly stylish. A slow thriller about identity and deceit you shouldn’t miss."
"https://www.aproposmagazine.com/en/articles/sabrina-carpenter-at-royal-arena","image-dimensions;empty-alt-review;h1-not-first-review","1","46","41","0","46","Review: Sabrina Carpenter in Royal Arena","A seasoned Sabrina Carpenter proves she’s more than TikTok and sweetness. A concert full of charm, vocals and glitter."
"https://www.aproposmagazine.com/en/articles/sammy-virji-at-poolen","image-dimensions;empty-alt-review;h1-not-first-review","1","49","44","0","46","Sammy Virji at Poolen review: UK garage with full payoff","Sammy Virji turned Poolen into a heavy UK garage party. ELOQ warmed up strongly, and the finale made the shaky start worth it."
"https://www.aproposmagazine.com/en/articles/saros-ps5-review","image-dimensions;empty-alt-review;h1-not-first-review","1","49","44","0","44","Saros review: Beautiful PS5 dash-shooter","Housemarque’s Saros is a beautiful PS5 dash-shooter with Returnal rhythm. Read the review of style, speed, and a roguelike that stumbles."
"https://www.aproposmagazine.com/en/articles/saturday-at-roskilde-tiktok-queens-and-depressed-uncle-rock","image-dimensions;empty-alt-review;h1-not-first-review","1","52","47","0","46","Guide to Saturday at Roskilde Festival 2025: Africa Express","Everything you need to know about Saturday at Roskilde Festival 2025: Africa Express chaos, Nine Inch Nails’ darkness, Noah Carter and Tyla."
"https://www.aproposmagazine.com/en/articles/saturday-at-syd-for-solen-five-dusty-encounters","image-dimensions;empty-alt-review;h1-not-first-review","1","51","46","0","46","Syd for Solen 2026: Five Dusty Encounters","Brimheim, Hans Philip, Faza, Blood Orange and The xx shaped Saturday at Syd for Solen 2026. Five concert experiences from Valbyparken."
"https://www.aproposmagazine.com/en/articles/saveus-at-wonderfestiwall-2026-the-rain-never-stood-a-chance","image-dimensions;empty-alt-review;h1-not-first-review","1","49","44","0","46","Review: SAVEUS at Wonderfestiwall 2026","SAVEUS deliver a huge, physical and emotional set at Wonderfestiwall 2026. Five stars for a maximalist show with weight and closeness."
"https://www.aproposmagazine.com/en/articles/scooter-festegnen-2026","image-dimensions;empty-alt-review;h1-not-first-review","1","49","44","0","46","Review: Scooter (Festegnen) — I saw God at rave (6/6 stars)","Scooter at Festegnen was fire, hardstyle, tears and total surrender. H.P. Baxxter delivered a six-star rave revelation."
"https://www.aproposmagazine.com/en/articles/shogun","image-dimensions;empty-alt-review;h1-not-first-review","1","48","43","0","46","Review: Shōgun (Disney+) – Brutal and beautiful","Shōgun returns with a historical drama balancing blood and poetry. A series that takes its time and its material seriously."
"https://www.aproposmagazine.com/en/articles/showbizz-politics-as-musical-faith-as-line","image-dimensions;empty-alt-review;h1-not-first-review","1","46","41","0","46","Review: Showbizz by Morten Messerschmidt","A political satire dressed as a musical. Showbizz goes all in on drama, dance and dilemmas — but does it work?"
"https://www.aproposmagazine.com/en/articles/shrinking","image-dimensions;empty-alt-review;h1-not-first-review","1","48","43","0","46","Review: Shrinking – A therapy session you never want to end","Jason Segel and Harrison Ford hit straight in the heart in Shrinking — a warm, funny series about grief, change, and friendship."
"https://www.aproposmagazine.com/en/articles/silksong","image-dimensions;empty-alt-review;h1-not-first-review","1","47","42","0","46","Silksong review: challenge and atmosphere","A positive Silksong review focused on challenge, atmosphere, soundtrack, and why the game is rewarding to play."
"https://www.aproposmagazine.com/en/articles/silo-season-1","image-dimensions;empty-alt-review;h1-not-first-review","1","48","43","0","46","Review: Silo (Apple TV+)","In Silo, humanity lives inside a giant underground structure. Read our review of this dark, intense sci-fi series on Apple TV+."
"https://www.aproposmagazine.com/en/articles/silvana-imam-at-lille-vega","image-dimensions;empty-alt-review;h1-not-first-review","1","46","41","0","46","Silvana Imam (Lille VEGA 2025): Review","Silvana Imam brought political sharpness and musical intensity to Lille VEGA in a concert that left its mark."
"https://www.aproposmagazine.com/en/articles/simon-talbot-ekstra-extra-review","image-dimensions;empty-alt-review;h1-not-first-review","1","47","42","0","46","Review: Simon Talbot – Ekstra Extra (Bremen Teater 2026)","Simon Talbot at Bremen Teater: “Ekstra Extra” delivers grotesque observations, self-irony and high energy. Read Apropos’ verdict."
"https://www.aproposmagazine.com/en/articles/skunk-anansie-copenhell-the-anger-of-the-90s-came-home-and-made-the-crowd-scream-along","image-dimensions;empty-alt-review;h1-not-first-review","1","47","42","0","46","Review: Skunk Anansie (Copenhell): 57-year-old Skin went","“If you wanna have sex later, I’m in” — Skin told the security guard who lifted her up. Then the chaos began."
"https://www.aproposmagazine.com/en/articles/sombr-at-syd-for-solen-2026","image-dimensions;empty-alt-review;h1-not-first-review","1","48","43","0","46","sombr at Syd for Solen 2026 – Review","sombr brought leather, the Danish flag, roses and a leap into the sea to Syd for Solen. The show was big, but the songs never found their climax."
"https://www.aproposmagazine.com/en/articles/soulfly-at-lille-vega","image-dimensions;empty-alt-review;h1-not-first-review","1","48","43","0","46","Review: Soulfly at Lille Vega","Soulfly filled Lille Vega with berimbau, devil horns and thrash energy. Five stars for Max Cavalera’s metal ritual."
"https://www.aproposmagazine.com/en/articles/spider-man-a-brand-new-day","image-dimensions;empty-alt-review;h1-not-first-review","1","50","45","0","46","Spider-Man: A Brand New Day – Review: Marvel hits the mark","Spider-Man breaks free of the Marvel machine in a funny, lively, and surprisingly human superhero film. We give it 5 out of 6 stars."
"https://www.aproposmagazine.com/en/articles/split-ted-x-zima-at-rust","image-dimensions;empty-alt-review;h1-not-first-review","1","48","43","0","46","Review: SPLIT:TED x ZIMA at Rust, 24 February","SPLIT:TED and ZIMA took over Rust with youthful confidence and raw energy. Read our combined review of the 24 February showcase."
"https://www.aproposmagazine.com/en/articles/spot-festival-day-1","image-dimensions;empty-alt-review;h1-not-first-review","1","50","45","0","46","Review: SPOT Festival 2025 Day 1","SPOT Festival 2025 opened with standout live sets from Shebaba, Gunge and Ahead. Here are the Day 1 highlights."
"https://www.aproposmagazine.com/en/articles/surface-apple-tv-plus","image-dimensions;empty-alt-review;h1-not-first-review","1","48","43","0","46","Surface (Apple TV+): Forgetting as luxury and nightmare","Apropos Magazine reviews season one of Surface on Apple TV+. A stylish psychological thriller with wounds — but does it deliver?"
"https://www.aproposmagazine.com/en/articles/sylosis-copenhell-flames-fury-and-a-sonic-uppercut-to-the-chest","image-dimensions;empty-alt-review;h1-not-first-review","1","47","42","0","46","Review: Sylosis (Copenhell) – Flames and fury","Sylosis set the stage on fire and knocked the crowd flat with precise, hard thrash metal. Read why we gave them 5 stars at Copenhell."
"https://www.aproposmagazine.com/en/articles/tanner-adell-at-eos-modern-country-with-edge-and-charm","image-dimensions;empty-alt-review;h1-not-first-review","1","46","41","0","46","Review: Tanner Adell at Eos","Tanner Adell at Eos: a fresh modern country voice blending tradition and new energy with charm, depth and a moving live set."
"https://www.aproposmagazine.com/en/articles/tears-of-the-kingdom-nintendo-switch-the-ultimate-zelda-experience","image-dimensions;empty-alt-review;h1-not-first-review","1","47","42","0","46","Review: Tears of the Kingdom (Switch)","A creative, emotional open-world masterpiece that captures Zelda magic in new ways — even for skeptics."
"https://www.aproposmagazine.com/en/articles/techbbq-2025-bella-center","image-dimensions;empty-alt-review;h1-not-first-review","1","48","43","0","46","TechBBQ 2025 (Bella Center): LinkedIn on speed","TechBBQ promises inspiration, but feels like a two-day LinkedIn feed. Socks, buzzwords and lukewarm beer replace real ideas."
"https://www.aproposmagazine.com/en/articles/teufel-bash-raw-shouting-and-irresistibly-charming-in-the-bird-district","image-dimensions;empty-alt-review;h1-not-first-review","1","46","41","0","46","Review: Teufel Bash – Raw and charming in the bird district","Petrol fumes, Harboe beer and wild live acts at Teufel Bash — a raw mini-festival in Copenhagen’s bird district."
"https://www.aproposmagazine.com/en/articles/the-bear-season-4","image-dimensions;empty-alt-review;h1-not-first-review","1","47","42","0","46","Review: The Bear - Season 4","Review: The Bear - Season 4"
"https://www.aproposmagazine.com/en/articles/the-boys-season-4","image-dimensions;empty-alt-review;h1-not-first-review","1","48","43","0","46","Review: The Boys Season 4 – savage superhero satire","Read our review of The Boys season 4 on Prime Video — explosive, sharp satire about powerful superheroes and latex-fuelled chaos."
"https://www.aproposmagazine.com/en/articles/the-brian-jonestown-massacre-amager-bio-a-noise-party-for-the-initiated","image-dimensions;empty-alt-review;h1-not-first-review","1","47","42","0","46","Review: The Brian Jonestown Massacre (Amager Bio)","A hypnotic séance of tambourines, 12-string guitars and cult atmosphere at Amager Bio. The Brian Jonestown Massacre still keeps the magic alive."
"https://www.aproposmagazine.com/en/articles/the-cardigans-wonderfestiwall","image-dimensions;empty-alt-review;h1-not-first-review","1","49","44","0","46","Review: The Cardigans (Wonderfestiwall)","I was standing there with a festival beer and good intentions when The Cardigans took the stage at Wonderfestiwall on Friday around 6 p.m."
"https://www.aproposmagazine.com/en/articles/the-last-of-us-season-1","image-dimensions;empty-alt-review;h1-not-first-review","1","48","43","0","46","Review: The Last of Us (Max) Season 1","Apropos Magazine reviews The Last of Us season 1 — a moving, brutal series about love, loss and survival in a world under attack."
"https://www.aproposmagazine.com/en/articles/the-last-of-us-season-2","image-dimensions;empty-alt-review;h1-not-first-review","1","48","43","0","46","Review: The Last of Us Season 2","The Last of Us season 2 aims for epic emotion, but lands between two stools. A review with gamer critique, zombies, and too little Ellie."
"https://www.aproposmagazine.com/en/articles/the-minds-of-99-at-heartland-2026","image-dimensions;empty-alt-review;h1-not-first-review","1","48","43","0","46","Review: The Minds of 99 at Heartland","The Minds of 99 united Heartland in a concert where sound, light and singalong came together in rare harmony."
"https://www.aproposmagazine.com/en/articles/the-moment-review","image-dimensions;empty-alt-review;h1-not-first-review","1","49","44","0","46","Review: Charli XCX - The Moment","Charli XCX’s The Moment is a satirical, chaotic film about BRAT’s success and the absurdities of the music industry."
"https://www.aproposmagazine.com/en/articles/the-streets-tinderbox-2025-from-pirate-material-to-a-poetic-comeback","image-dimensions;empty-alt-review;h1-not-first-review","1","46","41","0","46","Review: The Streets (Tinderbox 2025)","The Streets play Tinderbox 2025. We trace Mike Skinner’s journey from debut to today and why his music still hits home."
"https://www.aproposmagazine.com/en/articles/the-streets-tinderbox-40000-missed-todays-biggest-magic-moment","image-dimensions;empty-alt-review;h1-not-first-review","1","48","43","0","46","Review: The Streets (Tinderbox 2025) - 6 stars","Mike Skinner sparked mosh pits, beer-soaked devotion and pure euphoria at Tinderbox. Read the review of the festival’s most underrated show."
"https://www.aproposmagazine.com/en/articles/the-studio","image-dimensions;empty-alt-review;h1-not-first-review","1","48","43","0","46","Review: The Studio – Seth Rogen and Hollywood","Seth Rogen stars in a series that uses irony and desperation to examine a film studio in free fall. Read our review."
"https://www.aproposmagazine.com/en/articles/three-body-problem","image-dimensions;empty-alt-review;h1-not-first-review","1","48","43","0","46","Three Body Problem (Netflix) – Review","A visually striking sci-fi series with big ideas and heavy themes. Three Body Problem balances physics, philosophy, and sharp effects. 4/5."
"https://www.aproposmagazine.com/en/articles/thursday-at-roskilde-festival-2025-six-acts-that-save-a-slightly-thin-day","image-dimensions;empty-alt-review;h1-not-first-review","1","52","47","0","46","Thursday at Roskilde Festival 2025: 6 acts that save the day","It’s not the strongest day at Roskilde Festival, but we’ve found six artists worth seeing on Thursday 3 July — from Stormzy to horsegiirL and FKA twigs."
"https://www.aproposmagazine.com/en/articles/thursday-at-syd-for-solen-2026-copenhagen-sang-itself-together","image-dimensions;empty-alt-review;h1-not-first-review","1","48","43","0","46","Thursday at Syd for Solen 2026: Festival opening","Sparkle, drag bingo and huge choruses brought Valbyparken together as Syd for Solen 2026 opened with a diverse Thursday."
"https://www.aproposmagazine.com/en/articles/tinderbox-2025-the-party-where-anything-can-happen","image-dimensions;empty-alt-review;h1-not-first-review","1","49","44","0","46","Review: Tinderbox 2025 (Odense)","Experience Tinderbox 2025 with Green Day, Kylie Minogue — and Denmark’s only festival with a whole stage for electronic music."
"https://www.aproposmagazine.com/en/articles/tobias-rahim-at-roskilde-festival-2026","image-dimensions;empty-alt-review;h1-not-first-review","1","47","42","0","46","Review: Tobias Rahim | Roskilde Festival 2026","Tobias Rahim took Orange Stage with confidence, huge songs and Birthe Kjær as guest. A mature booking that delivered true Orange Feeling."
"https://www.aproposmagazine.com/en/articles/todd-rundgren-amager-bio","image-dimensions;empty-alt-review;h1-not-first-review","1","46","41","0","46","Todd Rundgren review: Amager Bio","Todd Rundgren delivers a lively, playful show at Amager Bio. Read the concert review and verdict on his versatile live performance."
"https://www.aproposmagazine.com/en/articles/tremonti-at-store-vega","image-dimensions;empty-alt-review;h1-not-first-review","1","46","41","0","46","Review: Tremonti at Store VEGA (2025)","Tremonti delivered an intense, honest and technically precise concert at Store VEGA on 19 January 2025. Read the review here."
"https://www.aproposmagazine.com/en/articles/tripolism-at-o-days-2026","image-dimensions;empty-alt-review;h1-not-first-review","1","49","44","0","46","Review: Tripolism at O Days 2026","Tripolism delivered a heavy, melodic set at O Days 2026 in Orangeriet. Read our review and rating of 5/6 stars."
"https://www.aproposmagazine.com/en/articles/turboweekend-tinderbox-2026","image-dimensions;empty-alt-review;h1-not-first-review","1","48","43","0","46","Review: Turboweekend (Tinderbox) — Solid, but uniform","Turboweekend delivered strong sound and energy at Tinderbox, but the concert became too uniform to fully lift the crowd."
"https://www.aproposmagazine.com/en/articles/tyler-the-creator-royal-arena-a-visual-madness-of-sound-and-light","image-dimensions;empty-alt-review;h1-not-first-review","1","47","42","0","46","Review: Tyler, The Creator at Royal Arena","A concert so complete and original that Royal Arena felt like a total installation. Tyler, The Creator has never been better."
"https://www.aproposmagazine.com/en/articles/untamed-netflix","image-dimensions;empty-alt-review;h1-not-first-review","1","48","43","0","46","Review: Untamed (Netflix)","Netflix’s Untamed is a melancholic, beautiful slow burner where Yosemite steals the show and Eric Bana drinks whisky to outrun trauma."
"https://www.aproposmagazine.com/en/articles/uro-at-wonderfestiwall-six-stars-in-the-sun","image-dimensions;empty-alt-review;h1-not-first-review","1","47","42","0","46","Uro at Wonderfestiwall (2025) – concert review: 6 stars","Uro delivered an intense, energetic concert at Wonderfestiwall 2025, with hits, presence and a surprise guest spot from Orgi-E."
"https://www.aproposmagazine.com/en/articles/we-love-green-festival-paris-2025","image-dimensions;empty-alt-review;h1-not-first-review","1","54","49","0","46","We Love Green (Paris): Brat Pop, Rain and Rave Religion","Charli XCX, Gesaffelstein and green idealism on the edge of Paris. We went to We Love Green — and it was beautiful, muddy and a little French."
"https://www.aproposmagazine.com/en/articles/we-love-rodovre-like-a-company-party-from-1998-only-with-better-sound-and-fewer-inhibitions","image-dimensions;empty-alt-review;h1-not-first-review","1","47","42","0","46","Review: We Love! Like a company party, only with better","We Love! is intense 90s nostalgia, gearbox violin, a work costume party and Mel C in top form. Festival season starts here."
"https://www.aproposmagazine.com/en/articles/when-did-bad-quality-become-okay-just-because-it-was-free","image-dimensions;empty-alt-review;h1-not-first-review","1","46","41","0","46","Is Free Content Bad Quality? A Media Reckoning","We look at when we decided ads, clickbait and a bad reading experience were fine — just because it’s free."
"https://www.aproposmagazine.com/en/articles/white-lies-tinderbox-2026","image-dimensions;empty-alt-review;h1-not-first-review","1","48","43","0","46","Review: White Lies (Tinderbox 2026) — polished, no spark","White Lies played a professional set at Tinderbox, but lacked presence, tension and the spark their songs needed."
"https://www.aproposmagazine.com/en/articles/white-lotus-season-3","image-dimensions;empty-alt-review;h1-not-first-review","1","48","43","0","46","White Lotus Season 3: Beautiful, but Flat","The third season of White Lotus offers striking visuals, sweaty drinks and exotic sound, but lacks the dramatic depth of earlier seasons."
"https://www.aproposmagazine.com/en/articles/who-should-you-see-on-wednesday-at-roskilde","image-dimensions;empty-alt-review;h1-not-first-review","1","51","46","0","46","Wednesday at Roskilde Festival 2025: 5 concerts you can't","Get our five sharp picks for who to see on Wednesday, July 2 at Roskilde Festival 2025 — from Charli XCX to Deftones."
"https://www.aproposmagazine.com/en/articles/wolf-alice-at-roskilde-festival-2026","image-dimensions;empty-alt-review;h1-not-first-review","1","46","41","0","46","Wolf Alice – Review | Roskilde Festival 2026","Wolf Alice delivered a dreamy concert on Orange Stage at Roskilde Festival 2026. Indie, noise and melancholy merged into one of the day’s finest moments."
"https://www.aproposmagazine.com/en/articles/wonderfestiwall-bornholms-unique-festival-experience","image-dimensions;empty-alt-review;h1-not-first-review","1","49","44","0","46","Review: Wonderfestiwall 2025, Bornholm’s festival","From ferry to Hammershus: Wonderfestiwall shows why Bornholm is Denmark’s most beautiful festival destination."
"https://www.aproposmagazine.com/en/articles/wormrot-copenhell-eternal-sunshine-of-the-singaporean-grind","image-dimensions;empty-alt-review;h1-not-first-review","1","47","42","0","46","Review: Wormrot (Copenhell) and 6 stars","Singapore’s Wormrot delivered a brutal, blazing grindcore massacre at Copenhell. Read the review!"
"https://www.aproposmagazine.com/en/articles/you-can-call-me-patrick-swayze-or-you-can-just-come-down-to-coco-hotel-and-listen","image-dimensions;empty-alt-review;h1-not-first-review","1","47","42","0","46","Review: Music in real time? Bellens and Skovbjerg at Coco","Jacob Bellens and Martin Skovbjerg invite the audience into music’s inner workings at Coco Hotel. First single out now."
"https://www.aproposmagazine.com/en/articles/you-saw-how-to-train-your-dragon-in-imax-and-felt-the-wind-beneath-its-wings","image-dimensions;empty-alt-review;h1-not-first-review","1","48","43","0","46","Review: How to Train Your Dragon (2025)","We saw How to Train Your Dragon in IMAX and felt the wind beneath its wings"
"https://www.aproposmagazine.com/en/articles/young-miko-at-roskilde-festival-2026","image-dimensions;empty-alt-review;h1-not-first-review","1","47","42","0","46","Review: Young Miko at Roskilde Festival 2026","Young Miko delivers an energetic Roskilde Festival 2026 set, driven by rhythm, bass and magnetic stage presence."
"https://www.aproposmagazine.com/en/articles/yousuke-yukimatsu-roskilde-festival-2026-arena","image-dimensions;empty-alt-review;h1-not-first-review","1","48","43","0","46","¥ØU$UK€ ¥UK1MAT$U – Review | Roskilde 2026","Arena was pulled into ¥ØU$UK€ ¥UK1MAT$U’s chaotic universe during Wednesday’s closing concert at Roskilde Festival."
"https://www.aproposmagazine.com/en/author/casper-fiil","image-dimensions;empty-alt-review;h1-not-first-review","1","68","68","0","68","Apropos Magazine: Casper Fiil  – Reviewer & writer","Apropos Magazine dækker musik, film, kultur og kaos med kant, karakter og kærlighed til det, der rører sig."
"https://www.aproposmagazine.com/en/author/eva-linde","image-dimensions;empty-alt-review;h1-not-first-review","1","32","32","0","32","Apropos Magazine: Eva Linde  – Freelance writer","Apropos Magazine dækker musik, film, kultur og kaos med kant, karakter og kærlighed til det, der rører sig."
"https://www.aproposmagazine.com/en/author/frederik-kragh","image-dimensions;empty-alt-review;h1-not-first-review","1","68","68","0","68","Apropos Magazine: Frederik Kragh  – Editor-in-Chief","Apropos Magazine dækker musik, film, kultur og kaos med kant, karakter og kærlighed til det, der rører sig."
"https://www.aproposmagazine.com/en/author/liv-brandt","image-dimensions;empty-alt-review;h1-not-first-review","1","68","68","0","68","Apropos Magazine: Liv Brandt  – Skribent og kulturkommentator","Apropos Magazine dækker musik, film, kultur og kaos med kant, karakter og kærlighed til det, der rører sig."
"https://www.aproposmagazine.com/en/author/mads-bulow","image-dimensions;empty-alt-review;h1-not-first-review","1","32","32","0","32","Apropos Magazine: Mads Bülow  – Writer and game critic","Apropos Magazine dækker musik, film, kultur og kaos med kant, karakter og kærlighed til det, der rører sig."
"https://www.aproposmagazine.com/en/author/marianne-kragh","image-dimensions;empty-alt-review;h1-not-first-review","1","48","48","0","48","Apropos Magazine: Marianne Kragh  – Culture Editor","Apropos Magazine dækker musik, film, kultur og kaos med kant, karakter og kærlighed til det, der rører sig."
"https://www.aproposmagazine.com/en/author/mathilde-sigshoj","image-dimensions;empty-alt-review;h1-not-first-review","1","44","44","0","44","Apropos Magazine: Mathilde Sigshøj  – Kulturskribent","Apropos Magazine dækker musik, film, kultur og kaos med kant, karakter og kærlighed til det, der rører sig."
"https://www.aproposmagazine.com/en/author/peter-milo","image-dimensions;empty-alt-review;h1-not-first-review","1","68","68","0","68","Apropos Magazine: Peter Milo  – Editor","Apropos Magazine dækker musik, film, kultur og kaos med kant, karakter og kærlighed til det, der rører sig."
"https://www.aproposmagazine.com/en/featured-articles","image-dimensions;empty-alt-review;h1-not-first-review","1","52","52","0","51","Apropos Magazine - No noise. No ads. Just culture.","Apropos Magazine covers music, film, and culture — with edge, character, and a love for what moves us."
"https://www.aproposmagazine.com/en/festivals/copenhell","multiple-h1;image-dimensions;empty-alt-review;h1-not-first-review","2","51","51","0","51","Apropos Magazine: Copenhell  – uden reklamer, tak.","Apropos Magazine dækker musik, film, kultur og kaos med kant, karakter og kærlighed til det, der rører sig."
"https://www.aproposmagazine.com/en/festivals/distortion","multiple-h1;image-dimensions;empty-alt-review;h1-not-first-review","2","29","29","0","29","Apropos Magazine: Distortion  – uden reklamer, tak.","Apropos Magazine dækker musik, film, kultur og kaos med kant, karakter og kærlighed til det, der rører sig."
"https://www.aproposmagazine.com/en/festivals/festegnen","multiple-h1;image-dimensions;empty-alt-review;h1-not-first-review","2","37","37","0","37","Apropos Magazine: Festegnen  – uden reklamer, tak.","Apropos Magazine dækker musik, film, kultur og kaos med kant, karakter og kærlighed til det, der rører sig."
"https://www.aproposmagazine.com/en/festivals/heartland","multiple-h1;image-dimensions;empty-alt-review;h1-not-first-review","2","29","29","0","29","Apropos Magazine: Heartland  – uden reklamer, tak.","Apropos Magazine dækker musik, film, kultur og kaos med kant, karakter og kærlighed til det, der rører sig."
"https://www.aproposmagazine.com/en/festivals/o-days","multiple-h1;image-dimensions;empty-alt-review;h1-not-first-review","2","47","47","0","43","Apropos Magazine: O Days  – uden reklamer, tak.","Apropos Magazine dækker musik, film, kultur og kaos med kant, karakter og kærlighed til det, der rører sig."
"https://www.aproposmagazine.com/en/festivals/roskilde-festival","multiple-h1;image-dimensions;empty-alt-review;h1-not-first-review","2","83","83","0","83","Apropos Magazine: Roskilde Festival  – uden reklamer, tak.","Apropos Magazine dækker musik, film, kultur og kaos med kant, karakter og kærlighed til det, der rører sig."
"https://www.aproposmagazine.com/en/festivals/spot-festival","multiple-h1;image-dimensions;empty-alt-review;h1-not-first-review","2","31","31","0","31","Apropos Magazine: SPOT Festival  – uden reklamer, tak.","Apropos Magazine dækker musik, film, kultur og kaos med kant, karakter og kærlighed til det, der rører sig."
"https://www.aproposmagazine.com/en/festivals/syd-for-solen","multiple-h1;image-dimensions;empty-alt-review;h1-not-first-review","2","43","43","0","43","Apropos Magazine: Syd For Solen  – uden reklamer, tak.","Apropos Magazine dækker musik, film, kultur og kaos med kant, karakter og kærlighed til det, der rører sig."
"https://www.aproposmagazine.com/en/festivals/tinderbox","multiple-h1;image-dimensions;empty-alt-review;h1-not-first-review","2","53","53","0","53","Apropos Magazine: Tinderbox  – uden reklamer, tak.","Apropos Magazine dækker musik, film, kultur og kaos med kant, karakter og kærlighed til det, der rører sig."
"https://www.aproposmagazine.com/en/festivals/welovegreen25","multiple-h1;image-dimensions;empty-alt-review;h1-not-first-review","2","31","31","0","31","Apropos Magazine: WeLoveGreen25  – uden reklamer, tak.","Apropos Magazine dækker musik, film, kultur og kaos med kant, karakter og kærlighed til det, der rører sig."
"https://www.aproposmagazine.com/en/festivals/wonderfestiwall","multiple-h1;image-dimensions;empty-alt-review;h1-not-first-review","2","49","49","0","47","Apropos Magazine: Wonderfestiwall  – uden reklamer, tak.","Apropos Magazine dækker musik, film, kultur og kaos med kant, karakter og kærlighed til det, der rører sig."
"https://www.aproposmagazine.com/en/om","image-dimensions;empty-alt-review","1","29","29","0","29","Apropos Magazine - No noise. No ads. Just culture.","Apropos Magazine covers music, film, and culture - with edge, character, and a love for what moves us."
"https://www.aproposmagazine.com/en/podcast","missing-description;missing-h1","0","0","0","0","0","Podcast",""
"https://www.aproposmagazine.com/en/search","image-dimensions;empty-alt-review","1","27","27","0","27","Søgeresultater · Apropos Magazine","Apropos Magazine dækker musik, film, kultur og kaos med kant, karakter og kærlighed til det, der rører sig."
"https://www.aproposmagazine.com/en/sections/culture","image-dimensions;empty-alt-review","1","93","93","0","91","Apropos Magazine: Culture  – uden reklamer, tak.","Apropos Magazine dækker musik, film, kultur og kaos med kant, karakter og kærlighed til det, der rører sig."
"https://www.aproposmagazine.com/en/sections/music","image-dimensions;empty-alt-review","1","233","233","0","229","Apropos Magazine: Music  – uden reklamer, tak.","Apropos Magazine dækker musik, film, kultur og kaos med kant, karakter og kærlighed til det, der rører sig."
"https://www.aproposmagazine.com/en/sections/series-movies","image-dimensions;empty-alt-review","1","103","103","0","103","Apropos Magazine: Series & Movies  – uden reklamer, tak.","Apropos Magazine dækker musik, film, kultur og kaos med kant, karakter og kærlighed til det, der rører sig."
"https://www.aproposmagazine.com/en/services/all","image-dimensions;empty-alt-review","1","80","80","0","80","Apropos Magazine: All  – uden reklamer, tak.","Apropos Magazine dækker musik, film, kultur og kaos med kant, karakter og kærlighed til det, der rører sig."
"https://www.aproposmagazine.com/en/services/apple-tv","image-dimensions;empty-alt-review","1","38","38","0","38","Apropos Magazine: Apple TV  – uden reklamer, tak.","Apropos Magazine dækker musik, film, kultur og kaos med kant, karakter og kærlighed til det, der rører sig."
"https://www.aproposmagazine.com/en/services/disney","image-dimensions;empty-alt-review","1","36","36","0","36","Apropos Magazine: Disney+  – uden reklamer, tak.","Apropos Magazine dækker musik, film, kultur og kaos med kant, karakter og kærlighed til det, der rører sig."
"https://www.aproposmagazine.com/en/services/max","image-dimensions;empty-alt-review","1","34","34","0","34","Apropos Magazine: HBO Max  – uden reklamer, tak.","Apropos Magazine dækker musik, film, kultur og kaos med kant, karakter og kærlighed til det, der rører sig."
"https://www.aproposmagazine.com/en/services/netflix","image-dimensions;empty-alt-review","1","50","50","0","50","Apropos Magazine: Netflix  – uden reklamer, tak.","Apropos Magazine dækker musik, film, kultur og kaos med kant, karakter og kærlighed til det, der rører sig."
"https://www.aproposmagazine.com/en/services/prime","image-dimensions;empty-alt-review","1","32","32","0","32","Apropos Magazine: Prime  – uden reklamer, tak.","Apropos Magazine dækker musik, film, kultur og kaos med kant, karakter og kærlighed til det, der rører sig."
"https://www.aproposmagazine.com/en/services/tv2-play","image-dimensions;empty-alt-review","1","30","30","0","30","Apropos Magazine: TV2 Play  – uden reklamer, tak.","Apropos Magazine dækker musik, film, kultur og kaos med kant, karakter og kærlighed til det, der rører sig."
"https://www.aproposmagazine.com/en/tema","multiple-h1;image-dimensions;empty-alt-review;h1-not-first-review","2","113","113","0","109","Tema · Apropos Magazine – Alt det vi ser, hører og mærker – uden reklamer, tak.","Apropos Magazine dækker musik, film, kultur og kaos med kant, karakter og kærlighed til det, der rører sig. Anmeldelser, essays og stemninger – altid med holdning."
"https://www.aproposmagazine.com/en/topics/Concerts","multiple-h1;image-dimensions;empty-alt-review;h1-not-first-review","2","230","230","0","228","Apropos Magazine: Concerts  – uden reklamer, tak.","Apropos Magazine dækker musik, film, kultur og kaos med kant, karakter og kærlighed til det, der rører sig."
"https://www.aproposmagazine.com/en/topics/culture-opinion","multiple-h1;image-dimensions;empty-alt-review;h1-not-first-review","2","112","112","0","110","Apropos Magazine: Culture & Opinion  – uden reklamer, tak.","Apropos Magazine dækker musik, film, kultur og kaos med kant, karakter og kærlighed til det, der rører sig."
"https://www.aproposmagazine.com/en/topics/festival","multiple-h1;image-dimensions;empty-alt-review;h1-not-first-review","2","112","112","0","108","Apropos Magazine: Festival  – uden reklamer, tak.","Apropos Magazine dækker musik, film, kultur og kaos med kant, karakter og kærlighed til det, der rører sig."
"https://www.aproposmagazine.com/en/topics/gaming","multiple-h1;image-dimensions;empty-alt-review;h1-not-first-review","2","52","52","0","50","Apropos Magazine: Gaming  – uden reklamer, tak.","Apropos Magazine dækker musik, film, kultur og kaos med kant, karakter og kærlighed til det, der rører sig."
"https://www.aproposmagazine.com/en/topics/movies","multiple-h1;image-dimensions;empty-alt-review;h1-not-first-review","2","62","62","0","62","Apropos Magazine: Movies  – uden reklamer, tak.","Apropos Magazine dækker musik, film, kultur og kaos med kant, karakter og kærlighed til det, der rører sig."
"https://www.aproposmagazine.com/en/topics/reviews","multiple-h1;image-dimensions;empty-alt-review;h1-not-first-review","2","230","230","0","226","Apropos Magazine: Reviews  – uden reklamer, tak.","Apropos Magazine dækker musik, film, kultur og kaos med kant, karakter og kærlighed til det, der rører sig."
"https://www.aproposmagazine.com/en/topics/series","multiple-h1;image-dimensions;empty-alt-review;h1-not-first-review","2","76","76","0","76","Apropos Magazine: TV-series  – uden reklamer, tak.","Apropos Magazine dækker musik, film, kultur og kaos med kant, karakter og kærlighed til det, der rører sig."
"https://www.aproposmagazine.com/featured-articles","image-dimensions;empty-alt-review;h1-not-first-review","1","52","52","0","51","Apropos Magazine – Alt det vi ser, hører og mærker – uden reklamer, tak.","Apropos Magazine dækker musik, film, kultur og kaos med kant, karakter og kærlighed til det, der rører sig."
"https://www.aproposmagazine.com/festivals/copenhell","multiple-h1;image-dimensions;empty-alt-review;h1-not-first-review","2","51","51","0","51","Apropos Magazine: Copenhell  – uden reklamer, tak.","Apropos Magazine dækker musik, film, kultur og kaos med kant, karakter og kærlighed til det, der rører sig."
"https://www.aproposmagazine.com/festivals/distortion","multiple-h1;image-dimensions;empty-alt-review;h1-not-first-review","2","29","29","0","29","Apropos Magazine: Distortion  – uden reklamer, tak.","Apropos Magazine dækker musik, film, kultur og kaos med kant, karakter og kærlighed til det, der rører sig."
"https://www.aproposmagazine.com/festivals/festegnen","multiple-h1;image-dimensions;empty-alt-review;h1-not-first-review","2","37","37","0","37","Apropos Magazine: Festegnen  – uden reklamer, tak.","Apropos Magazine dækker musik, film, kultur og kaos med kant, karakter og kærlighed til det, der rører sig."
"https://www.aproposmagazine.com/festivals/heartland","multiple-h1;image-dimensions;empty-alt-review;h1-not-first-review","2","37","37","0","37","Apropos Magazine: Heartland  – uden reklamer, tak.","Apropos Magazine dækker musik, film, kultur og kaos med kant, karakter og kærlighed til det, der rører sig."
"https://www.aproposmagazine.com/festivals/o-days","multiple-h1;image-dimensions;empty-alt-review;h1-not-first-review","2","47","47","0","43","Apropos Magazine: O Days  – uden reklamer, tak.","Apropos Magazine dækker musik, film, kultur og kaos med kant, karakter og kærlighed til det, der rører sig."
"https://www.aproposmagazine.com/festivals/roskilde-festival","multiple-h1;image-dimensions;empty-alt-review;h1-not-first-review","2","83","83","0","83","Apropos Magazine: Roskilde Festival  – uden reklamer, tak.","Apropos Magazine dækker musik, film, kultur og kaos med kant, karakter og kærlighed til det, der rører sig."
"https://www.aproposmagazine.com/festivals/spot-festival","multiple-h1;image-dimensions;empty-alt-review;h1-not-first-review","2","31","31","0","31","Apropos Magazine: SPOT Festival  – uden reklamer, tak.","Apropos Magazine dækker musik, film, kultur og kaos med kant, karakter og kærlighed til det, der rører sig."
"https://www.aproposmagazine.com/festivals/syd-for-solen","multiple-h1;image-dimensions;empty-alt-review;h1-not-first-review","2","43","43","0","43","Apropos Magazine: Syd For Solen  – uden reklamer, tak.","Apropos Magazine dækker musik, film, kultur og kaos med kant, karakter og kærlighed til det, der rører sig."
"https://www.aproposmagazine.com/festivals/tinderbox","multiple-h1;image-dimensions;empty-alt-review;h1-not-first-review","2","57","57","0","57","Apropos Magazine: Tinderbox  – uden reklamer, tak.","Apropos Magazine dækker musik, film, kultur og kaos med kant, karakter og kærlighed til det, der rører sig."
"https://www.aproposmagazine.com/festivals/welovegreen25","multiple-h1;image-dimensions;empty-alt-review;h1-not-first-review","2","31","31","0","31","Apropos Magazine: WeLoveGreen25  – uden reklamer, tak.","Apropos Magazine dækker musik, film, kultur og kaos med kant, karakter og kærlighed til det, der rører sig."
"https://www.aproposmagazine.com/festivals/wonderfestiwall","multiple-h1;image-dimensions;empty-alt-review;h1-not-first-review","2","49","49","0","47","Apropos Magazine: Wonderfestiwall  – uden reklamer, tak.","Apropos Magazine dækker musik, film, kultur og kaos med kant, karakter og kærlighed til det, der rører sig."
"https://www.aproposmagazine.com/om","image-dimensions;empty-alt-review","1","29","29","0","29","Om Apropos Magazine | Uafhængigt kulturmedie","Mød Apropos Magazine, et uafhængigt og reklamefrit kulturmedie drevet af frivillige skribenter med fokus på musik, film, scene og kultur."
"https://www.aproposmagazine.com/podcast","missing-description;missing-h1","0","0","0","0","0","Podcast",""
"https://www.aproposmagazine.com/search","image-dimensions;empty-alt-review","1","27","27","0","27","Søgeresultater · Apropos Magazine","Apropos Magazine dækker musik, film, kultur og kaos med kant, karakter og kærlighed til det, der rører sig."
"https://www.aproposmagazine.com/sections/kultur","image-dimensions;empty-alt-review","1","109","109","0","107","Apropos Magazine: Kultur  – uden reklamer, tak.","Apropos Magazine dækker musik, film, kultur og kaos med kant, karakter og kærlighed til det, der rører sig."
"https://www.aproposmagazine.com/sections/musik","image-dimensions;empty-alt-review","1","233","233","0","229","Apropos Magazine: Musik  – uden reklamer, tak.","Apropos Magazine dækker musik, film, kultur og kaos med kant, karakter og kærlighed til det, der rører sig."
"https://www.aproposmagazine.com/sections/serierogfilm","image-dimensions;empty-alt-review","1","129","129","0","129","Apropos Magazine: Serier & Film  – uden reklamer, tak.","Apropos Magazine dækker musik, film, kultur og kaos med kant, karakter og kærlighed til det, der rører sig."
"https://www.aproposmagazine.com/services/all","image-dimensions;empty-alt-review","1","88","88","0","88","Apropos Magazine: All  – uden reklamer, tak.","Apropos Magazine dækker musik, film, kultur og kaos med kant, karakter og kærlighed til det, der rører sig."
"https://www.aproposmagazine.com/services/apple-tv","image-dimensions;empty-alt-review","1","46","46","0","46","Apropos Magazine: Apple TV  – uden reklamer, tak.","Apropos Magazine dækker musik, film, kultur og kaos med kant, karakter og kærlighed til det, der rører sig."
"https://www.aproposmagazine.com/services/disney","image-dimensions;empty-alt-review","1","38","38","0","38","Apropos Magazine: Disney+  – uden reklamer, tak.","Apropos Magazine dækker musik, film, kultur og kaos med kant, karakter og kærlighed til det, der rører sig."
"https://www.aproposmagazine.com/services/max","image-dimensions;empty-alt-review","1","36","36","0","36","Apropos Magazine: HBO Max  – uden reklamer, tak.","Apropos Magazine dækker musik, film, kultur og kaos med kant, karakter og kærlighed til det, der rører sig."
"https://www.aproposmagazine.com/services/netflix","image-dimensions;empty-alt-review","1","50","50","0","50","Apropos Magazine: Netflix  – uden reklamer, tak.","Apropos Magazine dækker musik, film, kultur og kaos med kant, karakter og kærlighed til det, der rører sig."
"https://www.aproposmagazine.com/services/prime","image-dimensions;empty-alt-review","1","32","32","0","32","Apropos Magazine: Prime  – uden reklamer, tak.","Apropos Magazine dækker musik, film, kultur og kaos med kant, karakter og kærlighed til det, der rører sig."
"https://www.aproposmagazine.com/services/tv2-play","image-dimensions;empty-alt-review","1","30","30","0","30","Apropos Magazine: TV2 Play  – uden reklamer, tak.","Apropos Magazine dækker musik, film, kultur og kaos med kant, karakter og kærlighed til det, der rører sig."
"https://www.aproposmagazine.com/tema","multiple-h1;image-dimensions;empty-alt-review;h1-not-first-review","2","131","131","0","127","Tema · Apropos Magazine – Alt det vi ser, hører og mærker – uden reklamer, tak.","Apropos Magazine dækker musik, film, kultur og kaos med kant, karakter og kærlighed til det, der rører sig. Anmeldelser, essays og stemninger – altid med holdning."
"https://www.aproposmagazine.com/topics/anmeldelser","multiple-h1;image-dimensions;empty-alt-review;h1-not-first-review","2","230","230","0","226","Apropos Magazine: Anmeldelser  – uden reklamer, tak.","Apropos Magazine dækker musik, film, kultur og kaos med kant, karakter og kærlighed til det, der rører sig."
"https://www.aproposmagazine.com/topics/festival","multiple-h1;image-dimensions;empty-alt-review;h1-not-first-review","2","130","130","0","126","Apropos Magazine: Festival  – uden reklamer, tak.","Apropos Magazine dækker musik, film, kultur og kaos med kant, karakter og kærlighed til det, der rører sig."
"https://www.aproposmagazine.com/topics/film","multiple-h1;image-dimensions;empty-alt-review;h1-not-first-review","2","74","74","0","74","Apropos Magazine: Film  – uden reklamer, tak.","Apropos Magazine dækker musik, film, kultur og kaos med kant, karakter og kærlighed til det, der rører sig."
"https://www.aproposmagazine.com/topics/gaming","multiple-h1;image-dimensions;empty-alt-review;h1-not-first-review","2","54","54","0","52","Apropos Magazine: Gaming  – uden reklamer, tak.","Apropos Magazine dækker musik, film, kultur og kaos med kant, karakter og kærlighed til det, der rører sig."
"https://www.aproposmagazine.com/topics/koncerter","multiple-h1;image-dimensions;empty-alt-review;h1-not-first-review","2","230","230","0","228","Apropos Magazine: Koncerter  – uden reklamer, tak.","Apropos Magazine dækker musik, film, kultur og kaos med kant, karakter og kærlighed til det, der rører sig."
"https://www.aproposmagazine.com/topics/kultur-mening","multiple-h1;image-dimensions;empty-alt-review;h1-not-first-review","2","128","128","0","126","Apropos Magazine: Kultur & Mening  – uden reklamer, tak.","Apropos Magazine dækker musik, film, kultur og kaos med kant, karakter og kærlighed til det, der rører sig."
"https://www.aproposmagazine.com/topics/serier","multiple-h1;image-dimensions;empty-alt-review;h1-not-first-review","2","88","88","0","88","Apropos Magazine: TV-serier  – uden reklamer, tak.","Apropos Magazine dækker musik, film, kultur og kaos med kant, karakter og kærlighed til det, der rører sig."
